Machine,Category,Material Name (JP),Material Name (EN),Cutting Pressure,Multi-Cut,Blade Type,GSM,Surface Texture,Has Adhesive,Density (kg/m3),Shore Hardness A
Maker 3,Iron-On,模様入りアイロン接着タイプ,Patterned Iron-On,80.0,-,ファインポイントブレード,100.0,plain,0,1050.0,45.0
Maker 3,Iron-On,エブリデイアイロン接着タイプ（メッシュ）,Everyday Iron-On (Mesh),100.0,-,ファインポイントブレード,100.0,plain,0,1050.0,45.0
Maker 3,Iron-On,エクスプレスアイロン接着タイプ,Express Iron-On,102.0,-,ファインポイントブレード,100.0,plain,0,1050.0,45.0
Maker 3,Iron-On,エブリデイアイロン接着タイプ,Everyday Iron-On,113.0,-,ファインポイントブレード,100.0,plain,0,1050.0,45.0
Maker 3,Iron-On,転写シート,Transfer Sheet,120.0,2倍,ファインポイントブレード,100.0,plain,0,1050.0,45.0
Maker 3,Iron-On,ホイルアイロン接着タイプ,Foil Iron-On,123.0,-,ファインポイントブレード,100.0,foil,0,1050.0,55.0
Maker 3,Iron-On,SportFlexアイロン接着タイプ,SportFlex Iron-On,133.0,-,ファインポイントブレード,100.0,plain,0,1050.0,45.0
Maker 3,Iron-On,フロックアイロン接着タイプ,Flock Iron-On,152.0,-,ファインポイントブレード,100.0,flock,0,1102.5,59.0
Maker 3,Iron-On,ホログラフィックアイロン接着タイプ,Holographic Iron-On,153.0,-,ファインポイントブレード,100.0,holographic,0,1102.5,53.0
Maker 3,Iron-On,グリッターメッシュアイロン接着タイプ,Glitter Mesh Iron-On,154.0,-,ファインポイントブレード,100.0,glitter,0,1176.0,61.0
Maker 3,Iron-On,グリッターアイロン接着タイプ,Glitter Iron-On,167.0,-,ファインポイントブレード,100.0,glitter,0,1176.0,63.0
Maker 3,Iron-On,ホログラフィックスパークルアイロン接着タイプ,Holographic Sparkle Iron-On,174.0,-,ファインポイントブレード,100.0,holographic,0,1102.5,53.0
Maker 3,Iron-On,エブリデイアイロン接着タイプ（モザイク）,Everyday Iron-On (Mosaic),248.0,-,ファインポイントブレード,100.0,plain,0,1050.0,45.0
Maker 3,Iron-On,ホログラフィックスパークルアイロン接着モザイク,Holographic Sparkle Iron-On Mosaic,252.0,-,ファインポイントブレード,100.0,holographic,0,1102.5,53.0
Maker 3,Iron-On,メタリックアイロン接着タイプモザイク,Metallic Iron-On Mosaic,267.0,-,ファインポイントブレード,100.0,metallic,0,1102.5,55.0
Maker 3,Iron-On,ホログラフィックアイロン接着モザイク,Holographic Iron-On Mosaic,268.0,-,ファインポイントブレード,100.0,holographic,0,1102.5,53.0
Maker 3,Printable Materials,印刷可能なアイロン接着タイプ、ライト,"Printable Iron-On, Light",80.0,-,ファインポイントブレード,100.0,plain,0,900.0,25.0
Maker 3,Printable Materials,印刷可能なビニール、白（グリーンライナー印刷）,Printable White Vinyl (Green Liner Printing),90.0,-,ファインポイントブレード,100.0,plain,0,900.0,25.0
Maker 3,Printable Materials,印刷可能なアイロン接着タイプ、ダーク,"Printable Iron-On, Dark",100.0,-,ファインポイントブレード,100.0,plain,0,900.0,25.0
Maker 3,Printable Materials,ステッカー用紙、取り外し可能,Removable Sticker Paper,106.0,-,ファインポイントブレード,100.0,plain,1,900.0,25.0
Maker 3,Printable Materials,印刷可能なステッカー紙、白（グリーンライナー印刷）,Printable White Sticker Paper (Green Liner Printing),115.0,-,ファインポイントブレード,100.0,plain,1,900.0,25.0
Maker 3,Printable Materials,印刷可能なビニール、透明,Printable Clear Vinyl,115.0,-,ファインポイントブレード,100.0,plain,0,900.0,25.0
Maker 3,Printable Materials,印刷可能なビニール、白（グレーライナー印刷）,Printable White Vinyl (Gray Liner Printing),125.0,-,ファインポイントブレード,100.0,plain,0,900.0,25.0
Maker 3,Printable Materials,印刷可能なビニール、特殊,Printable Specialty Vinyl,145.0,-,ファインポイントブレード,100.0,plain,0,900.0,25.0
Maker 3,Printable Materials,印刷可能な防水ステッカーセット（ホワイト）,Printable Waterproof Sticker Set (White),170.0,-,ファインポイントブレード,100.0,plain,1,900.0,25.0
Maker 3,Printable Materials,印刷可能な防水ステッカーセット（ホワイトホログラフィック）,Printable White Holographic Waterproof Sticker Set,180.0,-,ファインポイントブレード,100.0,holographic,1,945.0,33.0
Maker 3,Printable Materials,印刷可能な生地,Printable Fabric,189.0,-,ファインポイントブレード,100.0,plain,0,900.0,25.0
Maker 3,Printable Materials,印刷可能な防水ステッカーセット（透明ホログラフィック）,Printable Transparent Holographic Waterproof Sticker Set,220.0,-,ファインポイントブレード,100.0,holographic,1,945.0,33.0
Maker 3,Printable Materials,印刷可能な防水ステッカーセット（透明）,Printable Transparent Waterproof Sticker Set,225.0,-,ファインポイントブレード,100.0,plain,1,900.0,25.0
Maker 3,Printable Materials,印刷可能な磁気シート,Printable Magnetic Sheets,242.0,-,ファインポイントブレード,100.0,plain,0,3500.0,90.0
Maker 3,Printable Materials,印刷可能なステッカー紙、白（グレーライナー印刷）,Printable White Sticker Paper (Gray Liner Printing),265.0,-,ファインポイントブレード,100.0,plain,1,900.0,25.0
Maker 3,Printable Materials,印刷可能なステッカー紙、クリア（ライナー印刷なし）,Printable Clear Sticker Paper (No Liner Printing),270.0,-,ファインポイントブレード,100.0,plain,1,900.0,25.0
Maker 3,Printable Materials,印刷可能なホイル,Printable Foil,293.0,-,ファインポイントブレード,100.0,foil,0,945.0,35.0
Maker 3,Infusible Ink,インフュージブルインク 転写シート,Infusible ink transfer sheet,226.0,-,ファインポイントブレード,75.0,plain,0,800.0,20.0
Maker 3,Cardstock,カットアウェイカード+バッカー,Cutaway Cards + Backers,200.0,2倍,ファインポイントブレード,216.0,plain,0,800.0,30.0
Maker 3,Cardstock,カードストック（複雑なカット用）,Cardstock (for intricate cuts),200.0,2倍,ファインポイントブレード,216.0,plain,0,800.0,30.0
Maker 3,Cardstock,軽量カードストック（60lb/163gsm）,Lightweight Cardstock (60lb/163gsm),214.0,-,ファインポイントブレード,163.0,plain,0,800.0,30.0
Maker 3,Cardstock,グリッターカードストック,Glitter Cardstock,270.0,2倍,ファインポイントブレード,216.0,glitter,0,920.0,48.0
Maker 3,Cardstock,クラフトカードストック,Kraft Cardstock,275.0,-,ファインポイントブレード,216.0,plain,0,800.0,30.0
Maker 3,Cardstock,ホログラフィックカードストック,Holographic Cardstock,275.0,2倍,ファインポイントブレード,216.0,holographic,0,840.0,38.0
Maker 3,Cardstock,パターンドグリッターカードストック,Patterned Glitter Cardstock,299.0,2倍,ファインポイントブレード,216.0,glitter,0,920.0,48.0
Maker 3,Cardstock,接着剤裏地付きカードストック,Cardstock with Adhesive Backing,300.0,-,ファインポイントブレード,216.0,plain,1,800.0,30.0
Maker 3,Cardstock,厚手カードストック（100lb/270gsm）,Heavyweight Cardstock (100lb/270gsm),310.0,2倍,ファインポイントブレード,270.0,plain,0,800.0,30.0
Maker 3,Cardstock,中サイズのカードストック（80lb/216gsm）,Medium Cardstock (80lb/216gsm),320.0,-,ファインポイントブレード,216.0,plain,0,800.0,30.0
Maker 3,Paper,ライスペーパー,Rice Paper,70.0,-,ディープポイントブレード,80.0,plain,0,750.0,15.0
Maker 3,Paper,和紙テープ（0.06mm）,Washi Tape (0.06mm),70.0,-,ファインポイントブレード,80.0,plain,0,750.0,10.0
Maker 3,Paper,ブッチャーペーパー,Butcher Paper,80.0,-,ファインポイントブレード,80.0,plain,0,750.0,15.0
Maker 3,Paper,和紙,Washi Paper,85.0,-,ファインポイントブレード,80.0,plain,0,750.0,10.0
Maker 3,Paper,パーチメント紙,Parchment Paper,110.0,-,ファインポイントブレード,80.0,plain,0,750.0,15.0
Maker 3,Paper,ラッピングペーパー,Wrapping Paper,120.0,-,ファインポイントブレード,80.0,plain,0,750.0,15.0
Maker 3,Paper,コピー用紙（20lb/75gsm）,Copy Paper (20lb/75gsm),126.0,-,ファインポイントブレード,75.0,plain,0,750.0,15.0
Maker 3,Paper,コピー用紙（24lb/90gsm）,Copy Paper (24lb/90gsm),126.0,-,ファインポイントブレード,90.0,plain,0,750.0,15.0
Maker 3,Paper,コピー用紙（32lb/120gsm）,Copy Paper (32lb/120gsm),126.0,-,ファインポイントブレード,120.0,plain,0,750.0,15.0
Maker 3,Paper,レーザーコピー用紙,Laser Copy Paper,126.0,-,ファインポイントブレード,80.0,plain,0,750.0,15.0
Maker 3,Paper,冷凍用紙,Freezer Paper,128.0,-,ファインポイントブレード,80.0,plain,0,750.0,15.0
Maker 3,Paper,パールペーパー,Pearl Paper,138.0,2倍,ファインポイントブレード,80.0,shimmer,0,765.0,20.0
Maker 3,Paper,ライトパターンペーパー,Light Pattern Paper,152.0,-,ファインポイントブレード,80.0,plain,0,750.0,15.0
Maker 3,Paper,ワックス紙,Wax Paper,160.0,-,ファインポイントブレード,80.0,plain,0,750.0,15.0
Maker 3,Paper,建設用紙,Construction Paper,168.0,-,ファインポイントブレード,80.0,plain,0,750.0,15.0
Maker 3,Paper,ノートブック用紙,Notebook Paper,191.0,-,ファインポイントブレード,80.0,plain,0,750.0,15.0
Maker 3,Paper,キャリブレーションペーパー,Calibration Paper,192.0,-,ファインポイントブレード,80.0,plain,0,750.0,15.0
Maker 3,Paper,スムースグリッターペーパー,Smooth Glitter Paper,175.0,2倍,ファインポイントブレード,80.0,glitter,0,840.0,31.0
Maker 3,Paper,接着剤裏地紙,Adhesive-Backed Paper,240.0,-,ファインポイントブレード,80.0,plain,1,750.0,15.0
Maker 3,Paper,デラックスペーパー,Deluxe Paper,270.0,-,ファインポイントブレード,80.0,plain,0,750.0,15.0
Maker 3,Paper,デラックスペーパー、接着剤付き,Deluxe Paper with Adhesive,270.0,-,ファインポイントブレード,80.0,plain,1,750.0,15.0
Maker 3,Paper,ホイル紙（0.36mm）,Foil Paper (0.36mm),274.0,2倍,ファインポイントブレード,80.0,foil,0,787.5,25.0
Maker 3,Paper,厚手の柄紙,Heavy Patterned Paper,275.0,-,ファインポイントブレード,80.0,plain,0,750.0,15.0
Maker 3,Paper,スパークルペーパー,Sparkle Paper,285.0,2倍,ファインポイントブレード,80.0,plain,0,750.0,15.0
Maker 3,Paper,フロック紙,Flock Paper,299.0,3倍,ファインポイントブレード,80.0,flock,0,787.5,29.0
Maker 3,Paper,デラックスペーパーホイルエンボス加工,Deluxe Foil Embossed Paper,300.0,-,ファインポイントブレード,80.0,foil,0,787.5,25.0
Maker 3,Plastic,ホイルアセテート,Foil Acetate,321.0,2倍,ファインポイントブレード,150.0,foil,0,1365.0,85.0
Maker 3,Paper,トゥルーブラッシュドペーパー,True Brushed Paper,330.0,2倍,ファインポイントブレード,80.0,plain,0,750.0,15.0
Maker 3,Paper,シマーペーパー,Shimmer Paper,345.0,2倍,ファインポイントブレード,80.0,shimmer,0,772.5,21.0
Maker 3,Paper,ヘビーウォーターカラーペーパー（140lb/300gsm）,Heavy Watercolor Paper (140lb/300gsm),345.0,-,ファインポイントブレード,300.0,plain,0,750.0,15.0
Maker 3,Paper,写真用紙,Photo Paper,345.0,-,ファインポイントブレード,80.0,plain,0,750.0,15.0
Maker 3,Plastic,アセテート,Acetate,280.0,2倍,ファインポイントブレード,150.0,plain,0,1300.0,75.0
Maker 3,Smart Materials,スマートビニール（取り外し可能）,Smart Vinyl (Removable),106.0,-,ファインポイントブレード,120.0,plain,0,1300.0,65.0
Maker 3,Smart Materials,スマートビニール（パーマネント）,Smart Vinyl (Permanent),120.0,-,ファインポイントブレード,120.0,plain,0,1300.0,65.0
Maker 3,Smart Materials,スマートビニール（マットメタリック）,Smart Vinyl (Matte Metallic),134.0,-,ファインポイントブレード,120.0,metallic,0,1365.0,75.0
Maker 3,Smart Materials,スマートビニール（シマー）,Smart Vinyl (Shimmer),154.0,-,ファインポイントブレード,120.0,shimmer,0,1339.0,71.0
Maker 3,Smart Materials,スマートアイロン接着タイプ,Smart Iron-On,156.0,-,ファインポイントブレード,120.0,plain,0,1300.0,65.0
Maker 3,Smart Materials,スマートアイロン接着タイプ（ホログラフィック）,Smart Iron-On (Holographic),156.0,-,ファインポイントブレード,120.0,holographic,0,1365.0,73.0
Maker 3,Smart Materials,スマートアイロン接着タイプ（グリッター）,Smart Iron-On (Glitter),163.0,-,ファインポイントブレード,120.0,glitter,0,1456.0,81.0
Maker 3,Smart Materials,スマートペーパーステッカー（カードストック）,Smart Paper Stickers (Cardstock),310.0,-,ファインポイントブレード,120.0,plain,1,1300.0,65.0
Maker 3,Vinyl,グリッタービニール,Glitter Vinyl,85.0,-,ファインポイントブレード,120.0,glitter,0,1495.0,83.0
Maker 3,Vinyl,プレミアムビニール（（ホログラフィック3Dテクスチャ））,Premium Vinyl (Holographic 3D Texture),108.0,-,ファインポイントブレード,120.0,holographic,0,1365.0,73.0
Maker 3,Vinyl,接着箔,Adhesive Foil,108.0,-,ファインポイントブレード,120.0,foil,1,1365.0,75.0
Maker 3,Vinyl,ステンシルビニール,Stencil Vinyl,109.0,-,ファインポイントブレード,120.0,plain,0,1300.0,65.0
Maker 3,Vinyl,プレミアムビニール（（ホログラフィック））,Premium Vinyl (Holographic),110.0,-,ファインポイントブレード,120.0,holographic,0,1365.0,73.0
Maker 3,Vinyl,プレミアムビニール（ホログラフィックローズバブル）,Premium Vinyl (Holographic Rose Bubble),115.0,-,ファインポイントブレード,120.0,holographic,0,1365.0,73.0
Maker 3,Vinyl,プレミアムビニール（（フロステッド不透明））,Premium Vinyl (Frosted Opaque),115.0,-,ファインポイントブレード,120.0,plain,0,1300.0,65.0
Maker 3,Vinyl,プレミアムアウトドアビニール,Premium Outdoor Vinyl,118.0,-,ファインポイントブレード,120.0,plain,0,1300.0,65.0
Maker 3,Vinyl,ホワイトボード用ビニール（ドライイレース）,Whiteboard Vinyl (Dry Erase),119.0,-,ファインポイントブレード,120.0,plain,0,1300.0,65.0
Maker 3,Vinyl,プレミアムビニール（（永久光沢））,Premium Vinyl (Permanent Gloss),120.0,-,ファインポイントブレード,120.0,glossy,0,1326.0,69.0
Maker 3,Vinyl,プレミアムビニール（（取り外し可能なマット））,Premium Vinyl (Removable Matte),121.0,-,ファインポイントブレード,120.0,matte,0,1274.0,67.0
Maker 3,Vinyl,マットビニール,Matte Vinyl,121.0,-,ファインポイントブレード,120.0,matte,0,1274.0,67.0
Maker 3,Vinyl,ビニール,Vinyl,126.0,-,ファインポイントブレード,120.0,plain,0,1300.0,65.0
Maker 3,Vinyl,プレミアムビニール（ホログラフィックバブル）,Premium Vinyl (Holographic Bubble),128.0,-,ファインポイントブレード,120.0,holographic,0,1365.0,73.0
Maker 3,Vinyl,プレミアムビニール（（フロステッドグレー））,Premium Vinyl (Frosted Gray),131.0,-,ファインポイントブレード,120.0,plain,0,1300.0,65.0
Maker 3,Vinyl,メタリックビニール,Metallic Vinyl,134.0,-,ファインポイントブレード,120.0,metallic,0,1365.0,75.0
Maker 3,Vinyl,プレミアムビニール（（ホログラフィックアールデコ））,Premium Vinyl (Holographic Art Deco),138.0,-,ファインポイントブレード,120.0,holographic,0,1365.0,73.0
Maker 3,Vinyl,プレミアムビニール（（ホログラフィックスレッド））,Premium Vinyl (Holographic Thread),138.0,-,ファインポイントブレード,120.0,holographic,0,1365.0,73.0
Maker 3,Vinyl,プレミアムビニール（（トゥルーブラッシュド））,Premium Vinyl (True Brushed),140.0,-,ファインポイントブレード,120.0,plain,0,1300.0,65.0
Maker 3,Vinyl,プレミアムビニール（（モザイク））,Premium Vinyl (Mosaic),146.0,-,ファインポイントブレード,120.0,plain,0,1300.0,65.0
Maker 3,Vinyl,プレミアムビニール（（シマー））,Premium Vinyl (Shimmer),148.0,-,ファインポイントブレード,120.0,shimmer,0,1339.0,71.0
Maker 3,Vinyl,プレミアムビニール（（フロステッドグリッター））,Premium Vinyl (Frosted Glitter),148.0,-,ファインポイントブレード,120.0,glitter,0,1456.0,81.0
Maker 3,Vinyl,粘着箔、マット,"Adhesive Foil, Matte",155.0,-,ファインポイントブレード,120.0,foil,1,1365.0,75.0
Maker 3,Vinyl,プレミアムビニール（（パール））,Premium Vinyl (Pearl),156.0,-,ファインポイントブレード,120.0,shimmer,0,1326.0,70.0
Maker 3,Vinyl,プレミアムビニール（ホログラフィッククリスタル）,Premium Vinyl (Holographic Crystal),160.0,-,ファインポイントブレード,120.0,holographic,0,1365.0,73.0
Maker 3,Vinyl,プレミアムビニール（（テクスチャメタリック））,Premium Vinyl (Textured Metallic),166.0,-,ファインポイントブレード,120.0,metallic,0,1365.0,75.0
Maker 3,Vinyl,プレミアムビニール（（テクスチャード））,Premium Vinyl (Textured),166.0,-,ファインポイントブレード,120.0,textured,0,1365.0,73.0
Maker 3,Vinyl,黒板ビニール,Chalkboard Vinyl,210.0,-,ファインポイントブレード,120.0,plain,0,1300.0,65.0
Maker 3,Vinyl,非接着ビニール（16ゲージ）,Non-Adhesive Vinyl (16 Gauge),270.0,-,ファインポイントブレード,120.0,plain,1,1300.0,65.0
Maker 3,Vinyl,非接着ビニール（20ゲージ）,Non-Adhesive Vinyl (20 Gauge),300.0,2倍,ファインポイントブレード,120.0,plain,1,1300.0,65.0
Maker 3,Leather,薄型ガーメントレザー（2〜3オンス/0.8〜1.3mm）,Thin Garment Leather (2-3 oz. / 0.8-1.3 mm),180.0,3倍,ディープポイントブレード,1170.0,plain,0,900.0,58.0
Maker 3,Leather,ミディアムガーメントレザー（4〜5オンス/1.6mm）,Medium Garment Leather (4-5 oz. / 1.6 mm),200.0,6倍,ディープポイントブレード,1440.0,plain,0,900.0,61.0
Maker 3,Leather,フェイクレザー（ペーパーシン）,Faux Leather (Paper Thin),215.0,2倍,ファインポイントブレード,1440.0,plain,0,900.0,55.0
Maker 3,Leather,フェイクスエード,Faux Suede,250.0,-,ファインポイントブレード,1440.0,plain,0,900.0,55.0
Maker 3,Leather,本革,Genuine Leather,270.0,2倍,ディープポイントブレード,1440.0,plain,0,900.0,55.0
Maker 3,Leather,ツーリングレザー（2〜3オンス/0.8mm）,Touring Leather (2-3 oz. / 0.8 mm),287.0,3倍,ディープポイントブレード,720.0,plain,0,900.0,53.0
Maker 3,Leather,シマーレザー（1mm）,Shimmer Leather (1 mm),325.0,3倍,ファインポイントブレード,900.0,shimmer,0,927.0,61.0
Maker 3,Leather,メタリックレザー,Metallic Leather,335.0,4倍,ディープポイントブレード,1440.0,metallic,0,945.0,65.0
Maker 3,Leather,ツーリングレザー（4 -5オンス/1.6mm）,Touring Leather (4-5 oz. / 1.6 mm),345.0,7倍,ディープポイントブレード,1440.0,plain,0,900.0,61.0
Maker 3,Leather,ツーリングレザー（6 -7 oz ./2.4mm）,Touring Leather (6-7 oz. / 2.4 mm),450.0,16倍,ナイフの刃,2160.0,plain,0,900.0,69.0
Maker 3,Board/Cardboard,バルサ（1/16インチ/1.6mm）,Balsa (1/16 inch/1.6mm),200.0,4倍,ナイフの刃,1360.0,plain,0,150.0,74.0
Maker 3,Board/Cardboard,シリアルボックス,Cereal Box,270.0,2倍,ディープポイントブレード,850.0,plain,0,850.0,65.0
Maker 3,Board/Cardboard,軽チップボード（0.37mm）,Light Chipboard (0.37mm),285.0,2倍,ファインポイントブレード,314.5,plain,0,850.0,55.5
Maker 3,Board/Cardboard,ポスターボード,Poster Board,287.0,2倍,ファインポイントブレード,850.0,plain,0,850.0,65.0
Maker 3,Board/Cardboard,バルサ（3/32インチ/2.4mm）,Balsa (3/32 inch/2.4mm),300.0,7倍,ナイフの刃,2040.0,plain,0,150.0,86.0
Maker 3,Board/Cardboard,フラットダンボール,Flat Cardboard,300.0,-,ファインポイントブレード,850.0,plain,0,850.0,65.0
Maker 3,Board/Cardboard,段ボール,Corrugated Cardboard,315.0,-,ファインポイントブレード,850.0,plain,0,850.0,55.0
Maker 3,Board/Cardboard,クラフトボード,Kraft Board,325.0,2倍,ファインポイントブレード,850.0,plain,0,900.0,65.0
Maker 3,Board/Cardboard,段ボール紙,Corrugated Paper,329.0,-,ディープポイントブレード,850.0,plain,0,850.0,55.0
Maker 3,Board/Cardboard,ホイルポスターボード,Foil Poster Board,330.0,-,ファインポイントブレード,850.0,foil,0,892.5,75.0
Maker 3,Board/Cardboard,メタリックポスターボード,Metallic Poster Board,330.0,2倍,ファインポイントブレード,850.0,metallic,0,892.5,75.0
Maker 3,Board/Cardboard,ホイルクラフトボード（ホログラフィック）,Foil Kraft Board (Holographic),340.0,2倍,ファインポイントブレード,850.0,foil,0,945.0,75.0
Maker 3,Board/Cardboard,マットボード（1.5mm）,Matte Board (1.5mm),350.0,6倍,ディープポイントブレード,1275.0,matte,0,833.0,74.5
Maker 3,Board/Cardboard,バスウッド（1/32インチ/0.8mm）,Basswood (1/32 inch/0.8mm),381.0,18倍,ナイフの刃,680.0,plain,0,400.0,62.0
Maker 3,Board/Cardboard,チップボード（1.5mm）,Chipboard (1.5mm),500.0,12倍,ナイフの刃,1275.0,plain,0,850.0,72.5
Maker 3,Board/Cardboard,ヘビーチップボード（2.0mm）,Heavy Chipboard (2.0mm),650.0,24倍,ナイフの刃,1700.0,plain,0,850.0,80.0
Maker 3,Board/Cardboard,アート／イラストボード,Art/Illustration Board,750.0,17倍,ナイフの刃,850.0,plain,0,850.0,65.0
Maker 3,Board/Cardboard,バスウッド（1/16インチ/1.6mm）,Basswood (1/16 inch/1.6mm),750.0,14倍,ナイフの刃,1360.0,plain,0,400.0,74.0
Maker 3,Fabric,シルク、接着,"Silk, bonded",175.0,-,ファインポイントブレード,150.0,plain,0,280.0,10.0
Maker 3,Fabric,ポリエステル、接着,"Polyester, bonded",285.0,-,ファインポイントブレード,150.0,plain,0,280.0,10.0
Maker 3,Fabric,ヘビーファブリック（デニムなど）、ボンディング,"Heavy fabrics (e.g., denim), bonded",340.0,3倍,ボンデッドファブリックブレード,150.0,plain,0,280.0,10.0
Maker 3,Fabric,モアリー,Moiré,600.0,-,ロータリーブレード,150.0,plain,0,280.0,10.0
Maker 3,Fabric,シフォン,Chiffon,684.0,-,ロータリーブレード,150.0,plain,0,280.0,10.0
Maker 3,Fabric,ナイロン,Nylon,700.0,-,ロータリーブレード,150.0,plain,0,280.0,10.0
Maker 3,Fabric,チュール,Tulle,750.0,-,ロータリーブレード,150.0,plain,0,280.0,10.0
Maker 3,Fabric,繊細な生地（チュールなど）,"Delicate fabrics (e.g., tulle)",750.0,-,ロータリーブレード,150.0,plain,0,280.0,10.0
Maker 3,Fabric,繊細な生地（チュールなど）、接着,"Delicate fabrics (e.g., tulle), bonded",850.0,-,ロータリーブレード,150.0,plain,0,280.0,10.0
Maker 3,Fabric,ビスコース,Viscose,925.0,-,ロータリーブレード,150.0,plain,0,280.0,10.0
Maker 3,Fabric,クレープ紙,Crepe paper,950.0,-,ロータリーブレード,150.0,plain,0,280.0,10.0
Maker 3,Fabric,ラメ,Lamé,981.0,-,ロータリーブレード,150.0,plain,0,280.0,10.0
Maker 3,Fabric,ラ・コスト,La Coste,1100.0,-,ロータリーブレード,150.0,plain,0,280.0,10.0
Maker 3,Fabric,ジョーゼット,Georgette,1143.0,-,ロータリーブレード,150.0,plain,0,280.0,10.0
Maker 3,Fabric,ウールクレープ,Wool crepe,1174.0,-,ロータリーブレード,150.0,plain,0,280.0,10.0
Maker 3,Fabric,チャリス,Chalice,1200.0,-,ロータリーブレード,150.0,plain,0,280.0,10.0
Maker 3,Fabric,オーガンザ,Organza,1250.0,-,ロータリーブレード,150.0,plain,0,280.0,10.0
Maker 3,Fabric,ヘザー,Heather,1250.0,-,ロータリーブレード,150.0,plain,0,280.0,10.0
Maker 3,Fabric,ライクラ,Lycra,1250.0,-,ロータリーブレード,150.0,plain,0,280.0,10.0
Maker 3,Fabric,ティッシュペーパー,Tissue paper,1300.0,-,ロータリーブレード,150.0,plain,0,280.0,8.0
Maker 3,Fabric,軽い生地（シルクのような）、接着,"Lightweight fabrics (like silk), bonded",1300.0,-,ロータリーブレード,150.0,plain,0,280.0,10.0
Maker 3,Fabric,ドット付きスイス料理,Dotted Swiss dish,1339.0,-,ロータリーブレード,150.0,plain,0,280.0,10.0
Maker 3,Fabric,ガーゼ,Gauze,1369.0,-,ロータリーブレード,150.0,plain,0,280.0,10.0
Maker 3,Fabric,フーラード,Foulard,1375.0,-,ロータリーブレード,150.0,plain,0,280.0,10.0
Maker 3,Fabric,メッシュ,Mesh,1385.0,-,ロータリーブレード,150.0,plain,0,280.0,10.0
Maker 3,Fabric,リネン、接着,"Linen, bonded",225.0,-,ファインポイントブレード,150.0,plain,0,280.0,10.0
Maker 3,Fabric,可溶インターフェース,Fusible interfacing,1400.0,-,ロータリーブレード,150.0,plain,0,280.0,10.0
Maker 3,Fabric,タフェッタ,Taffeta,1405.0,-,ロータリーブレード,150.0,plain,0,280.0,10.0
Maker 3,Fabric,バーンアウトベルベット,Burnout velvet,1410.0,-,ロータリーブレード,150.0,plain,0,280.0,10.0
Maker 3,Fabric,レーヨン・リョセル,Rayon/Lyocell,1415.0,-,ロータリーブレード,150.0,plain,0,280.0,10.0
Maker 3,Fabric,カシミア,Cashmere,1423.0,-,ロータリーブレード,150.0,plain,0,280.0,10.0
Maker 3,Fabric,パンヌベルベット,Panne velvet,1425.0,-,ロータリーブレード,150.0,plain,0,280.0,10.0
Maker 3,Fabric,オイルクロス,Oilcloth,1433.0,-,ロータリーブレード,150.0,plain,0,280.0,10.0
Maker 3,Fabric,ツイード,Tweed,1495.0,-,ロータリーブレード,150.0,plain,0,280.0,10.0
Maker 3,Fabric,ゴッサマー,Gossamer,1500.0,-,ロータリーブレード,150.0,plain,0,280.0,10.0
Maker 3,Fabric,バンブーファブリック,Bamboo fabric,1500.0,-,ロータリーブレード,150.0,plain,0,280.0,10.0
Maker 3,Fabric,プリッセ,Plissé,1500.0,-,ロータリーブレード,150.0,plain,0,280.0,10.0
Maker 3,Fabric,ミディアムファブリック（コットンなど）、ボンディング,"Medium fabric (cotton, etc.), bonded",1500.0,-,ロータリーブレード,150.0,plain,0,280.0,10.0
Maker 3,Fabric,ジャージー,Jersey,1520.0,-,ロータリーブレード,150.0,plain,0,280.0,10.0
Maker 3,Fabric,リップストップナイロン,Ripstop nylon,1549.0,-,ロータリーブレード,150.0,plain,0,280.0,10.0
Maker 3,Fabric,ぬいぐるみ,Plush,1550.0,-,ロータリーブレード,150.0,plain,0,280.0,10.0
Maker 3,Fabric,ポー・ド・ソワ,Peau de soie,1550.0,-,ロータリーブレード,150.0,plain,0,280.0,10.0
Maker 3,Fabric,リブニット,Rib knit,1585.0,-,ロータリーブレード,150.0,plain,0,280.0,10.0
Maker 3,Fabric,モスリン,Muslin,1595.0,-,ロータリーブレード,150.0,plain,0,280.0,10.0
Maker 3,Fabric,カリコ,Calico,1600.0,-,ロータリーブレード,150.0,plain,0,280.0,10.0
Maker 3,Fabric,チンツ,Chintz,1600.0,-,ロータリーブレード,150.0,plain,0,280.0,10.0
Maker 3,Fabric,ポリエステル,Polyester,1600.0,-,ロータリーブレード,150.0,plain,0,280.0,10.0
Maker 3,Fabric,マルベリーペーパー,Mulberry paper,1600.0,-,ロータリーブレード,150.0,plain,0,280.0,10.0
Maker 3,Fabric,山東省,Shandong Province,1600.0,-,ロータリーブレード,150.0,plain,0,280.0,10.0
Maker 3,Fabric,アイレット,Eyelet,1619.0,-,ロータリーブレード,150.0,plain,0,280.0,10.0
Maker 3,Fabric,シルクチャイナ,Silk China,1640.0,-,ロータリーブレード,150.0,plain,0,280.0,10.0
Maker 3,Fabric,ダブルクロス,Double cloth,1650.0,-,ロータリーブレード,150.0,plain,0,280.0,10.0
Maker 3,Fabric,ハブタイ,Habtai,1650.0,-,ロータリーブレード,150.0,plain,0,280.0,10.0
Maker 3,Fabric,ピマコットン,Pima cotton,1650.0,-,ロータリーブレード,150.0,plain,0,280.0,10.0
Maker 3,Fabric,スパンデックス,Spandex,1655.0,-,ロータリーブレード,150.0,plain,0,280.0,10.0
Maker 3,Fabric,シャンブレー,Chambray,1680.0,-,ロータリーブレード,150.0,plain,0,280.0,10.0
Maker 3,Fabric,シャンティリーレース,Chantilly lace,1700.0,-,ロータリーブレード,150.0,plain,0,280.0,10.0
Maker 3,Fabric,スエード,Suede,1700.0,-,ロータリーブレード,150.0,plain,0,280.0,10.0
Maker 3,Fabric,ブロードクロス,Broadcloth,1700.0,-,ロータリーブレード,150.0,plain,0,280.0,10.0
Maker 3,Fabric,ラミー,Rami,1700.0,-,ロータリーブレード,150.0,plain,0,280.0,10.0
Maker 3,Fabric,マイクロファイバー,Microfiber,1708.0,-,ロータリーブレード,150.0,plain,0,280.0,10.0
Maker 3,Fabric,ホームスパン生地,Homespun Fabric,1723.0,-,ロータリーブレード,150.0,plain,0,280.0,10.0
Maker 3,Fabric,コーデュロイ,Corduroy,1725.0,-,ロータリーブレード,150.0,plain,0,280.0,10.0
Maker 3,Fabric,シャンタン・サンティーン,Shantan/Santine,1743.0,-,ロータリーブレード,150.0,plain,0,280.0,10.0
Maker 3,Fabric,ベンガル語,Bengali,1745.0,-,ロータリーブレード,150.0,plain,0,280.0,10.0
Maker 3,Fabric,シアサッカー,Seersucker,1750.0,-,ロータリーブレード,150.0,plain,0,280.0,10.0
Maker 3,Fabric,ハンドメイドの紙,Handmade Paper,1750.0,-,ロータリーブレード,150.0,plain,0,280.0,10.0
Maker 3,Fabric,フュージブルフリース,Fusible Fleece,1750.0,-,ロータリーブレード,150.0,plain,0,280.0,10.0
Maker 3,Fabric,ライトコットン,Light Cotton,1750.0,-,ロータリーブレード,150.0,plain,0,280.0,10.0
Maker 3,Fabric,アウトドアビニール、接着,"Outdoor Vinyl, Glued",1800.0,-,ロータリーブレード,150.0,plain,0,280.0,10.0
Maker 3,Fabric,オイルクロス、接着,"Oilcloth, Glued",1800.0,2倍,ロータリーブレード,150.0,plain,0,280.0,10.0
Maker 3,Fabric,カンブリック,Cambric,1800.0,-,ロータリーブレード,150.0,plain,0,280.0,10.0
Maker 3,Fabric,コットン、ボンデッド,"Cotton, Bonded",286.0,-,ファインポイントブレード,150.0,plain,0,280.0,10.0
Maker 3,Fabric,サテンシルク,Satin Silk,1800.0,-,ロータリーブレード,150.0,matte,0,277.2,12.0
Maker 3,Fabric,シャルムーズサテン,Charmeuse Satin,1800.0,-,ロータリーブレード,150.0,matte,0,277.2,12.0
Maker 3,Fabric,ダブルニット,Double Knit,1800.0,-,ロータリーブレード,150.0,plain,0,280.0,10.0
Maker 3,Fabric,スリンキーニット,Slinky Knit,1830.0,-,ロータリーブレード,150.0,plain,0,280.0,10.0
Maker 3,Fabric,ダマスク,Damask,1838.0,-,ロータリーブレード,150.0,plain,0,280.0,10.0
Maker 3,Fabric,ギャバジン,Gabardine,1850.0,-,ロータリーブレード,150.0,plain,0,280.0,10.0
Maker 3,Fabric,軽い生地（シルクなど）,"Lightweight Fabrics (Silk, etc.)",1850.0,-,ロータリーブレード,150.0,plain,0,280.0,10.0
Maker 3,Fabric,インスルブライト・バッティング,Insulbrite Batting,1860.0,-,ロータリーブレード,150.0,plain,0,280.0,10.0
Maker 3,Fabric,Faille,Faille,1873.0,-,ロータリーブレード,150.0,plain,0,280.0,10.0
Maker 3,Fabric,キルトのバッティング,Quilt batting,1900.0,-,ロータリーブレード,150.0,plain,0,280.0,10.0
Maker 3,Fabric,コットン,Cotton,1900.0,-,ロータリーブレード,150.0,plain,0,280.0,10.0
Maker 3,Fabric,ジーバーライン,Sieberlein,1900.0,-,ロータリーブレード,150.0,plain,0,280.0,10.0
Maker 3,Fabric,デュピオーニシルク,Dupioni silk,1900.0,-,ロータリーブレード,150.0,plain,0,280.0,10.0
Maker 3,Fabric,ミディアムファブリック（コットンなど）,"Medium fabric (cotton, etc.)",1900.0,-,ロータリーブレード,150.0,plain,0,280.0,10.0
Maker 3,Fabric,インターロックニット,Interlock knit,1926.0,-,ロータリーブレード,150.0,plain,0,280.0,10.0
Maker 3,Fabric,ポプリン,Poplin,1933.0,-,ロータリーブレード,150.0,plain,0,280.0,10.0
Maker 3,Fabric,フランネル,Flannel,1950.0,-,ロータリーブレード,150.0,plain,0,280.0,10.0
Maker 3,Fabric,フリース,Fleece,1950.0,-,ロータリーブレード,150.0,plain,0,280.0,10.0
Maker 3,Fabric,オックスフォード,Oxford,1985.0,-,ロータリーブレード,150.0,plain,0,280.0,10.0
Maker 3,Fabric,フェルト、アクリル生地,"Felt, acrylic fabric",1995.0,-,ロータリーブレード,150.0,plain,0,300.0,20.0
Maker 3,Fabric,クレープバックサテン,Crepe back satin,2000.0,-,ロータリーブレード,150.0,matte,0,277.2,12.0
Maker 3,Fabric,フレックスフォーム,Flexform,2000.0,-,ロータリーブレード,150.0,plain,0,280.0,10.0
Maker 3,Fabric,ライトコットン、2層,"Light cotton, 2 layers",2000.0,-,ロータリーブレード,150.0,plain,0,280.0,10.0
Maker 3,Fabric,オスマン帝国,Ottoman,2023.0,-,ロータリーブレード,150.0,plain,0,280.0,10.0
Maker 3,Fabric,ベルベティーン,Velveteen,2034.0,-,ロータリーブレード,150.0,plain,0,280.0,10.0
Maker 3,Fabric,ジャカード,Jacquard,2050.0,-,ロータリーブレード,150.0,plain,0,280.0,10.0
Maker 3,Fabric,ピケコットン,Pique cotton,2050.0,-,ロータリーブレード,150.0,plain,0,280.0,10.0
Maker 3,Fabric,フェイクファー,Faux fur,2050.0,-,ロータリーブレード,150.0,plain,0,280.0,10.0
Maker 3,Fabric,ベロア,Velour,2050.0,-,ロータリーブレード,150.0,plain,0,280.0,10.0
Maker 3,Fabric,ウルトラしっかりした安定剤,Ultra Firm Stabilizer,2100.0,-,ロータリーブレード,150.0,plain,0,280.0,10.0
Maker 3,Fabric,カーキ,Khaki,2100.0,-,ロータリーブレード,150.0,plain,0,280.0,10.0
Maker 3,Fabric,キャンバス,Canvas,2100.0,-,ロータリーブレード,150.0,plain,0,280.0,10.0
Maker 3,Fabric,クレープ・ド・シネ,Crêpe de Chine,2100.0,-,ロータリーブレード,150.0,plain,0,280.0,10.0
Maker 3,Fabric,リネン,Linen,2148.0,-,ロータリーブレード,150.0,plain,0,280.0,10.0
Maker 3,Fabric,クレープシャルムーズ,Crêpe Charmeuse,2200.0,-,ロータリーブレード,150.0,plain,0,280.0,10.0
Maker 3,Fabric,ケブラー,Kevlar,2200.0,-,ロータリーブレード,150.0,plain,0,280.0,10.0
Maker 3,Fabric,フェルト、クラフトボンディング,"Felt, Craft Bonding",2200.0,-,ロータリーブレード,150.0,plain,0,300.0,20.0
Maker 3,Fabric,フェルト、グリッターボンディング,"Felt, Glitter Bonding",2200.0,-,ロータリーブレード,150.0,glitter,0,336.0,36.0
Maker 3,Fabric,ベルベットの家具製造販売業,Velvet Upholstery,2200.0,-,ロータリーブレード,150.0,plain,0,280.0,10.0
Maker 3,Fabric,グログラン,Grosgrain,2228.0,-,ロータリーブレード,150.0,plain,0,280.0,10.0
Maker 3,Fabric,ダッククロス,Duck Cloth,2250.0,-,ロータリーブレード,150.0,plain,0,280.0,10.0
Maker 3,Fabric,ラッシェルニット,Raschel Knit,2278.0,-,ロータリーブレード,150.0,plain,0,280.0,10.0
Maker 3,Fabric,ブークレ,Boucle,2365.0,-,ロータリーブレード,150.0,plain,0,280.0,10.0
Maker 3,Fabric,メルトンウール,Melton Wool,2493.0,-,ロータリーブレード,150.0,plain,0,280.0,10.0
Maker 3,Fabric,スパンコール,Sequins,2550.0,-,ロータリーブレード,150.0,plain,0,280.0,10.0
Maker 3,Fabric,テリークロス,Terry Cloth,2550.0,-,ロータリーブレード,150.0,plain,0,280.0,10.0
Maker 3,Fabric,デニム,Denim,2550.0,-,ロータリーブレード,150.0,plain,0,280.0,10.0
Maker 3,Fabric,ヘビーファブリック（デニムなど）,"Heavy fabrics (e.g., denim)",2550.0,-,ロータリーブレード,150.0,plain,0,280.0,10.0
Maker 3,Fabric,ワッフルクロス,Waffle cloth,2600.0,-,ロータリーブレード,150.0,plain,0,280.0,10.0
Maker 3,Fabric,帆布,Canvas,2100.0,-,ロータリーブレード,150.0,plain,0,280.0,10.0
Maker 3,Fabric,モレスキン,Moleskine,2800.0,-,ロータリーブレード,150.0,plain,0,280.0,10.0
Maker 3,Fabric,ジュート,Jute,2843.0,-,ロータリーブレード,150.0,plain,0,280.0,10.0
Maker 3,Fabric,ライトコットン、3層,"Light cotton, 3 layers",2950.0,-,ロータリーブレード,150.0,plain,0,280.0,10.0
Maker 3,Fabric,エクストラヘビーファブリック（バーラップなど）,"Extra heavy fabrics (e.g., burlap)",3163.0,-,ロータリーブレード,150.0,plain,0,280.0,10.0
Maker 3,Fabric,バーラップ,Burlap,3163.0,-,ロータリーブレード,150.0,plain,0,280.0,10.0
Maker 3,Fabric,僧侶の布,Monk's cloth,3295.0,-,ロータリーブレード,150.0,plain,0,280.0,10.0
Maker 3,Fabric,マテラス,Materas,3400.0,-,ロータリーブレード,150.0,plain,0,280.0,10.0
Maker 3,Fabric,グロワ・ポイント,Groix point,3550.0,-,ロータリーブレード,150.0,plain,0,280.0,10.0
Maker 3,Others,アルミ箔,Aluminum Foil,70.0,3倍,ディープポイントブレード,200.0,foil,0,2835.0,50.0
Maker 3,Plastic,ウィンドウクライング,Window Clinging,100.0,-,ファインポイントブレード,150.0,plain,0,1350.0,70.0
Maker 3,Others,転写ホイル,Transfer Foil,100.0,-,ファインポイントブレード,200.0,foil,0,157.5,50.0
Maker 3,Others,熱転写（Cricut以外）,Heat Transfer (Non-Cricut),113.0,-,ファインポイントブレード,200.0,plain,0,150.0,40.0
Maker 3,Others,ダクトテープシート,Duct Tape Sheets,122.0,-,ファインポイントブレード,200.0,plain,0,150.0,40.0
Maker 3,Others,フェルト,Felt,133.0,2倍,ファインポイントブレード,200.0,plain,0,300.0,20.0
Maker 3,Others,カーボンファイバー,Carbon Fiber,138.0,-,ファインポイントブレード,200.0,plain,0,150.0,40.0
Maker 3,Others,EVAフォーム,EVA Foam,145.0,-,ディープポイントブレード,200.0,plain,0,100.0,42.0
Maker 3,Others,ホログラフィック熱伝達,Holographic Heat Transfers,153.0,-,ファインポイントブレード,200.0,holographic,0,157.5,48.0
Maker 3,Others,ホイルテープ（シャイニーサイドアップ）,Foil Tape (Shiny Side Up),175.0,-,ファインポイントブレード,200.0,foil,0,157.5,50.0
Maker 3,Others,ホイルテープ（シャイニーサイドダウン）,Foil Tape (Shiny Side Down),175.0,-,ファインポイントブレード,200.0,foil,0,157.5,50.0
Maker 3,Others,クラフトフォーム,Craft Foam,180.0,-,ディープポイントブレード,200.0,plain,0,100.0,42.0
Maker 3,Others,グリッタークラフトフォーム,Glitter Craft Foam,180.0,-,ディープポイントブレード,200.0,glitter,0,112.0,58.0
Maker 3,Plastic,サンドブラストステンシル,Sandblasting Stencils,190.0,2倍,ディープポイントブレード,150.0,plain,0,1350.0,70.0
Maker 3,Others,付箋,Sticky Notes,193.0,-,ファインポイントブレード,200.0,plain,0,150.0,40.0
Maker 3,Others,食品・雑貨バッグ,Grocery Bags,200.0,-,ファインポイントブレード,200.0,plain,0,150.0,40.0
Maker 3,Others,フュージブルファブリック,Fusible Fabric,220.0,-,ファインポイントブレード,200.0,plain,0,150.0,40.0
Maker 3,Others,ヴェラム,Vellum,220.0,-,ファインポイントブレード,200.0,plain,0,150.0,12.0
Maker 3,Others,カラーダクトテープ,Colored Duct Tape,285.0,-,ファインポイントブレード,200.0,plain,0,150.0,40.0
Maker 3,Others,フェルト、硬い,"Felt, Stiff",250.0,2倍,ディープポイントブレード,200.0,plain,0,300.0,20.0
Maker 3,Others,パーティーホイル,Party Foil,275.0,-,ファインポイントブレード,200.0,foil,0,157.5,50.0
Maker 3,Others,グリッターダクトテープ,Glitter Duct Tape,285.0,-,ファインポイントブレード,200.0,glitter,0,168.0,56.0
Maker 3,Plastic,マイラー,Mylar,292.0,-,ファインポイントブレード,150.0,plain,0,1350.0,70.0
Maker 3,Plastic,ステンシルフィルム（0.4mm）,Stencil Film (0.4mm),300.0,-,ファインポイントブレード,150.0,plain,0,1350.0,70.0
Maker 3,Plastic,透明性,Transparency,308.0,-,ファインポイントブレード,150.0,plain,0,1300.0,75.0
Maker 3,Plastic,カッティングマットプロテクター,Cutting Mat Protector,310.0,-,ファインポイントブレード,150.0,plain,0,1350.0,70.0
Maker 3,Others,塗料チップ,Paint Chips,310.0,-,ファインポイントブレード,200.0,plain,0,150.0,40.0
Maker 3,Others,磁気シート（0.5mm）,Magnetic Sheet (0.5mm),320.0,4倍,ディープポイントブレード,200.0,plain,0,3500.0,90.0
Maker 3,Others,接着シート両面,Double-Sided Adhesive Sheet,325.0,2倍,ファインポイントブレード,200.0,plain,1,150.0,40.0
Maker 3,Others,ネオプレン,Neoprene,330.0,2倍,ディープポイントブレード,200.0,plain,0,150.0,40.0
Maker 3,Others,ジェルシート,Gel Sheet,335.0,4倍,ディープポイントブレード,200.0,plain,0,150.0,40.0
Maker 3,Others,デニム、接着,"Denim, Adhesive",340.0,3倍,ファインポイントブレード,200.0,plain,1,150.0,40.0
Maker 3,Plastic,プラスチックキャンバス,Plastic Canvas,345.0,3倍,ディープポイントブレード,150.0,plain,0,1350.0,70.0
Maker 3,Plastic,プラスチック包装,Plastic Packaging,345.0,6倍,ディープポイントブレード,150.0,plain,0,1350.0,70.0
Maker 3,Others,天然木ベニヤ,Natural Wood Veneer,345.0,4倍,ディープポイントブレード,200.0,plain,0,350.0,85.0
Maker 3,Others,シラカバ、永久接着剤,"Birch, Permanent Adhesive",350.0,-,ファインポイントブレード,200.0,plain,1,150.0,40.0
Maker 3,Others,フェルト、ウールボンディング,"Felt, Wool Bonding",350.0,2倍,ファインポイントブレード,200.0,plain,0,300.0,20.0
Maker 3,Others,フェルト、ウール生地,"Felt, Wool Fabric",350.0,6倍,ファインポイントブレード,200.0,plain,0,300.0,20.0
Maker 3,Others,磁気シート（1.0mm）,Magnetic Sheet (1.0mm),350.0,7倍,ディープポイントブレード,200.0,plain,0,3500.0,90.0
Explore 3,Iron-On,模様入りアイロン接着タイプ,Patterned Iron-On,80.0,-,ファインポイントブレード,100.0,plain,0,1050.0,45.0
Explore 3,Iron-On,エブリデイアイロン接着タイプ（メッシュ）,Everyday Iron-On (Mesh),100.0,-,ファインポイントブレード,100.0,plain,0,1050.0,45.0
Explore 3,Iron-On,エクスプレスアイロン接着タイプ,Express Iron-On,102.0,-,ファインポイントブレード,100.0,plain,0,1050.0,45.0
Explore 3,Iron-On,エブリデイアイロン接着タイプ,Everyday Iron-On,113.0,-,ファインポイントブレード,100.0,plain,0,1050.0,45.0
Explore 3,Iron-On,リフレクティブアイロン接着タイプ,Reflective Iron-On,113.0,-,ファインポイントブレード,100.0,plain,0,1050.0,45.0
Explore 3,Iron-On,ホイルアイロン接着タイプ,Foil Iron-On,123.0,-,ファインポイントブレード,100.0,foil,0,1050.0,55.0
Explore 3,Iron-On,SportFlexアイロン接着タイプ,SportFlex Iron-On,133.0,-,ファインポイントブレード,100.0,plain,0,1050.0,45.0
Explore 3,Iron-On,グリッターメッシュアイロン接着タイプ,Glitter Mesh Iron-On,154.0,-,ファインポイントブレード,100.0,glitter,0,1176.0,61.0
Explore 3,Iron-On,ホログラフィックアイロン接着タイプ,Holographic Iron-On,154.0,-,ファインポイントブレード,100.0,holographic,0,1102.5,53.0
Explore 3,Iron-On,ホログラフィックスパークルアイロン接着タイプ,Holographic Sparkle Iron-On,174.0,-,ファインポイントブレード,100.0,holographic,0,1102.5,53.0
Explore 3,Iron-On,グリッターアイロン接着タイプ,Glitter Iron-On,177.0,-,ファインポイントブレード,100.0,glitter,0,1176.0,63.0
Explore 3,Iron-On,エブリデイアイロン接着タイプ（モザイク）,Everyday Iron-On (Mosaic),248.0,-,ファインポイントブレード,100.0,plain,0,1050.0,45.0
Explore 3,Iron-On,ホログラフィックスパークルアイロン接着モザイク,Holographic Sparkle Iron-On Mosaic,252.0,-,ファインポイントブレード,100.0,holographic,0,1102.5,53.0
Explore 3,Iron-On,メタリックアイロン接着タイプモザイク,Metallic Iron-On Mosaic,267.0,-,ファインポイントブレード,100.0,metallic,0,1102.5,55.0
Explore 3,Iron-On,ホログラフィックアイロン接着モザイク,Holographic Iron-On Mosaic,268.0,-,ファインポイントブレード,100.0,holographic,0,1102.5,53.0
Explore 3,Infusible Ink,インフュージブルインク転写シート,Infusible ink transfer sheet,226.0,-,ファインポイントブレード,75.0,plain,0,800.0,20.0
Explore 3,Printable Materials,印刷可能なアイロン接着タイプ、ライト,Light Printable Iron-On Stickers,70.0,-,ファインポイントブレード,100.0,plain,1,900.0,25.0
Explore 3,Printable Materials,印刷可能なステッカー紙、白（グリーンライナー印刷）,White Printable Sticker Paper (Green Liner Printed),70.0,-,ファインポイントブレード,100.0,plain,1,900.0,25.0
Explore 3,Printable Materials,印刷可能なビニール、白（グリーンライナー印刷）,White Printable Vinyl (Green Liner Printed),70.0,-,ファインポイントブレード,100.0,plain,0,900.0,25.0
Explore 3,Printable Materials,印刷可能なアイロン接着タイプ、ダーク,Dark Printable Iron-On Stickers,100.0,-,ファインポイントブレード,100.0,plain,1,900.0,25.0
Explore 3,Printable Materials,印刷可能なビニール、透明,Transparent Printable Vinyl,110.0,-,ファインポイントブレード,100.0,plain,0,900.0,25.0
Explore 3,Printable Materials,印刷可能なビニール、白（グレーライナー印刷）,White Printable Vinyl (Gray Liner Printed),120.0,-,ファインポイントブレード,100.0,plain,0,900.0,25.0
Explore 3,Printable Materials,印刷可能なビニール、特殊,Specialty Printable Vinyl,160.0,-,ファインポイントブレード,100.0,plain,0,900.0,25.0
Explore 3,Printable Materials,印刷可能な防水ステッカーセット（ホワイトホログラフィック）,White Holographic Printable Waterproof Sticker Set,200.0,-,ファインポイントブレード,100.0,holographic,1,945.0,33.0
Explore 3,Printable Materials,印刷可能な生地,Printable Fabric,205.0,-,ファインポイントブレード,100.0,plain,0,900.0,25.0
Explore 3,Printable Materials,印刷可能な防水ステッカーセット（ホワイト）,White Holographic Printable Waterproof Sticker Set,220.0,-,ファインポイントブレード,100.0,holographic,1,945.0,33.0
Explore 3,Printable Materials,印刷可能なステッカー紙、クリア（ライナー印刷なし）,Clear Printable Sticker Paper (No Liner Printed),230.0,-,ファインポイントブレード,100.0,plain,1,900.0,25.0
Explore 3,Printable Materials,印刷可能なステッカー紙、白（グレーライナー印刷）,White Gray Liner Printable Sticker Paper,230.0,-,ファインポイントブレード,100.0,plain,1,900.0,25.0
Explore 3,Printable Materials,印刷可能な防水ステッカーセット（透明）,Transparent Printable Waterproof Sticker Set,245.0,-,ファインポイントブレード,100.0,plain,1,900.0,25.0
Explore 3,Printable Materials,印刷可能な防水ステッカーセット（透明ホログラフィック）,Transparent Holographic Printable Waterproof Sticker Set,250.0,-,ファインポイントブレード,100.0,holographic,1,945.0,33.0
Explore 3,Printable Materials,タトゥーペーパー,Tattoo Paper,277.0,-,ファインポイントブレード,100.0,plain,0,900.0,25.0
Explore 3,Cardstock,カットアウェイカード+バッカー,Cutaway Cards + Backers,180.0,2倍,ファインポイントブレード,216.0,plain,0,800.0,30.0
Explore 3,Cardstock,カードストック（複雑なカット用）,Cardstock (for intricate cuts),200.0,2倍,ファインポイントブレード,216.0,plain,0,800.0,30.0
Explore 3,Cardstock,軽量カードストック（65lb/176gsm）,Lightweight Cardstock (65lb/176gsm),214.0,-,ファインポイントブレード,176.0,plain,0,800.0,30.0
Explore 3,Cardstock,グリッターカードストック,Glitter Cardstock,270.0,2倍,ファインポイントブレード,216.0,glitter,0,920.0,48.0
Explore 3,Cardstock,インサートカード用カードストック,Cardstock for Insert Cards,275.0,-,ファインポイントブレード,216.0,plain,0,800.0,30.0
Explore 3,Cardstock,クラフトカードストック,Kraft Cardstock,275.0,-,ファインポイントブレード,216.0,plain,0,800.0,30.0
Explore 3,Cardstock,厚手カードストック（100lb/270gsm）,Heavyweight Cardstock (100lb/270gsm),295.0,2倍,ファインポイントブレード,270.0,plain,0,800.0,30.0
Explore 3,Cardstock,カードストック、接着剤裏地付き,Cardstock with Adhesive Backing,300.0,-,ファインポイントブレード,216.0,plain,1,800.0,30.0
Explore 3,Cardstock,中サイズのカードストック（80lb/216gsm）,Medium Cardstock (80lb/216gsm),320.0,-,ファインポイントブレード,216.0,plain,0,800.0,30.0
Explore 3,Paper,和紙テープ（0.06mm）,Washi Tape (0.06mm),70.0,-,ファインポイントブレード,80.0,plain,0,750.0,10.0
Explore 3,Paper,ブッチャーペーパー,Butcher Paper,80.0,-,ファインポイントブレード,80.0,plain,0,750.0,15.0
Explore 3,Paper,和紙,Washi Paper,85.0,-,ファインポイントブレード,80.0,plain,0,750.0,10.0
Explore 3,Paper,パーチメント紙,Parchment Paper,100.0,-,ファインポイントブレード,80.0,plain,0,750.0,15.0
Explore 3,Paper,ラッピングペーパー,Wrapping Paper,100.0,-,ファインポイントブレード,80.0,plain,0,750.0,15.0
Explore 3,Paper,レーザーコピー用紙,Laser Copy Paper,126.0,-,ファインポイントブレード,80.0,plain,0,750.0,15.0
Explore 3,Paper,パールペーパー,Pearl Paper,138.0,2倍,ファインポイントブレード,80.0,shimmer,0,765.0,20.0
Explore 3,Paper,コピー用紙（20lb/75gsm）,Copy Paper (20lb/75gsm),143.0,-,ファインポイントブレード,75.0,plain,0,750.0,15.0
Explore 3,Paper,コピー用紙（24lb/90gsm）,Copy Paper (24lb/90gsm),143.0,-,ファインポイントブレード,90.0,plain,0,750.0,15.0
Explore 3,Paper,コピー用紙（32lb/120gsm）,Copy Paper (32lb/120gsm),143.0,-,ファインポイントブレード,120.0,plain,0,750.0,15.0
Explore 3,Paper,建設用紙,Construction Paper,155.0,-,ファインポイントブレード,80.0,plain,0,750.0,15.0
Explore 3,Paper,ワックス紙,Wax Paper,160.0,-,ファインポイントブレード,80.0,plain,0,750.0,15.0
Explore 3,Paper,スムースグリッターペーパー,Smooth Glitter Paper,175.0,2倍,ファインポイントブレード,80.0,glitter,0,840.0,31.0
Explore 3,Paper,ノートブック用紙,Notebook Paper,191.0,-,ファインポイントブレード,80.0,plain,0,750.0,15.0
Explore 3,Paper,キャリブレーションペーパー,Calibration Paper,192.0,-,ファインポイントブレード,80.0,plain,0,750.0,15.0
Explore 3,Paper,写真用紙,Photo Paper,223.0,2倍,ファインポイントブレード,80.0,plain,0,750.0,15.0
Explore 3,Paper,フロック紙,Flock Paper,225.0,3倍,ファインポイントブレード,80.0,flock,0,787.5,29.0
Explore 3,Paper,ライトパターンペーパー,Light Pattern Paper,240.0,-,ファインポイントブレード,80.0,plain,0,750.0,15.0
Explore 3,Paper,デラックスペーパー,Deluxe Paper,270.0,-,ファインポイントブレード,80.0,plain,0,750.0,15.0
Explore 3,Paper,デラックスペーパー、接着剤付き,Deluxe Paper with Adhesive,270.0,-,ファインポイントブレード,80.0,plain,1,750.0,15.0
Explore 3,Paper,厚手の柄紙,Heavy Patterned Paper,275.0,-,ファインポイントブレード,80.0,plain,0,750.0,15.0
Explore 3,Paper,スパークルペーパー,Sparkle Paper,285.0,2倍,ファインポイントブレード,80.0,plain,0,750.0,15.0
Explore 3,Paper,トゥルーブラッシュドペーパー,True Brushed Paper,295.0,2倍,ファインポイントブレード,80.0,plain,0,750.0,15.0
Explore 3,Paper,デラックスペーパーホイルエンボス加工,Deluxe Foil Embossed Paper,300.0,-,ファインポイントブレード,80.0,foil,0,787.5,25.0
Explore 3,Paper,ホイル紙（0.36mm）,Foil Paper (0.36mm),300.0,-,ファインポイントブレード,80.0,foil,0,787.5,25.0
Explore 3,Paper,ヘビーウォーターカラーペーパー（140lb/300gsm）,Heavy Watercolor Paper (140lb/300gsm),310.0,2倍,ファインポイントブレード,300.0,plain,0,750.0,15.0
Explore 3,Plastic,ホイルアセテート,Foil Acetate,321.0,2倍,ファインポイントブレード,150.0,foil,0,1365.0,85.0
Explore 3,Paper,シマーペーパー,Shimmer Paper,345.0,2倍,ファインポイントブレード,80.0,shimmer,0,772.5,21.0
Explore 3,Smart Materials,スマートビニール（取り外し可能）,Smart Vinyl (Removable),121.0,-,ファインポイントブレード,120.0,plain,0,1300.0,65.0
Explore 3,Smart Materials,スマートビニール（パーマネント）,Smart Vinyl (Permanent),135.0,-,ファインポイントブレード,120.0,plain,0,1300.0,65.0
Explore 3,Smart Materials,スマートビニール（マットメタリック）,Smart Vinyl (Matte Metallic),154.0,-,ファインポイントブレード,120.0,metallic,0,1365.0,75.0
Explore 3,Smart Materials,スマートアイロン接着タイプ,Smart Iron-On,156.0,-,ファインポイントブレード,120.0,plain,0,1300.0,65.0
Explore 3,Smart Materials,スマートアイロン接着タイプ（ホログラフィック）,Smart Iron-On (Holographic),156.0,-,ファインポイントブレード,120.0,holographic,0,1365.0,73.0
Explore 3,Smart Materials,スマートアイロン接着タイプ（グリッター）,Smart Iron-On (Glitter),163.0,-,ファインポイントブレード,120.0,glitter,0,1456.0,81.0
Explore 3,Smart Materials,スマートビニール（シマー）,Smart Vinyl (Shimmer),169.0,-,ファインポイントブレード,120.0,shimmer,0,1339.0,71.0
Explore 3,Smart Materials,スマートペーパーステッカー（カードストック）,Smart Paper Stickers (Cardstock),300.0,-,ファインポイントブレード,120.0,plain,1,1300.0,65.0
Explore 3,Fabric,オイルクロス、接着,"Oilcloth, bonded",285.0,-,ボンデッドファブリックブレード,150.0,plain,0,280.0,10.0
Explore 3,Fabric,シルク、ボンデッド,"Silk, bonded",285.0,-,ファインポイントブレード,150.0,plain,0,280.0,10.0
Explore 3,Fabric,ポリエステル、接着,"Polyester, bonded",285.0,-,ファインポイントブレード,150.0,plain,0,280.0,10.0
Explore 3,Fabric,デニム、接着,"Denim, bonded",321.0,3倍,ファインポイントブレード,150.0,plain,0,280.0,10.0
Explore 3,Vinyl,グリッタービニール,Glitter Vinyl,76.0,-,ファインポイントブレード,120.0,glitter,0,1495.0,83.0
Explore 3,Vinyl,プレミアムビニール（ホログラフィック3Dテクスチャ）,Premium Vinyl (Holographic 3D Texture),108.0,-,ファインポイントブレード,120.0,holographic,0,1365.0,73.0
Explore 3,Vinyl,接着箔,Adhesive Foil,108.0,-,ファインポイントブレード,120.0,foil,1,1365.0,75.0
Explore 3,Vinyl,ステンシルビニール,Stencil Vinyl,109.0,-,ファインポイントブレード,120.0,plain,0,1300.0,65.0
Explore 3,Vinyl,プレミアムビニール（ホログラフィック）,Premium Vinyl (Holographic),110.0,-,ファインポイントブレード,120.0,holographic,0,1365.0,73.0
Explore 3,Vinyl,プレミアムビニール（フロステッド加工不透明）,Premium Vinyl (Frosted Opaque),115.0,-,ファインポイントブレード,120.0,plain,0,1300.0,65.0
Explore 3,Vinyl,プレミアムビニール（ホログラフィックローズバブル）,Premium Vinyl (Holographic Rose Bubble),115.0,-,ファインポイントブレード,120.0,holographic,0,1365.0,73.0
Explore 3,Vinyl,プレミアムビニール（（永久光沢））,Premium Vinyl (Permanent Gloss),115.0,-,ファインポイントブレード,120.0,glossy,0,1326.0,69.0
Explore 3,Vinyl,プレミアムアウトドアビニール,Premium Outdoor Vinyl,118.0,-,ファインポイントブレード,120.0,plain,0,1300.0,65.0
Explore 3,Vinyl,プレミアムビニール（（取り外し可能なマット））,Premium Vinyl (Removable Matte),121.0,-,ファインポイントブレード,120.0,matte,0,1274.0,67.0
Explore 3,Vinyl,プレミアムビニール（ホログラフィックバブル）,Premium Vinyl (Holographic Bubble),128.0,-,ファインポイントブレード,120.0,holographic,0,1365.0,73.0
Explore 3,Vinyl,プレミアムビニール（フロステッドグレー）,Premium Vinyl (Frosted Gray),131.0,-,ファインポイントブレード,120.0,plain,0,1300.0,65.0
Explore 3,Vinyl,プレミアムビニール（モザイク）,Premium Vinyl (Mosaic),136.0,-,ファインポイントブレード,120.0,plain,0,1300.0,65.0
Explore 3,Vinyl,プレミアムビニール（ホログラフィックアールデコ）,Premium Vinyl (Holographic Art Deco),138.0,-,ファインポイントブレード,120.0,holographic,0,1365.0,73.0
Explore 3,Vinyl,プレミアムビニール（ホログラフィックスレッド）,Premium Vinyl (Holographic Thread),138.0,-,ファインポイントブレード,120.0,holographic,0,1365.0,73.0
Explore 3,Vinyl,ホログラフィックスパークルビニール,Holographic Sparkle Vinyl,139.0,-,ファインポイントブレード,120.0,holographic,0,1365.0,73.0
Explore 3,Vinyl,プレミアムビニール（トゥルーブラッシュド）,Premium Vinyl (True Brushed),140.0,-,ファインポイントブレード,120.0,plain,0,1300.0,65.0
Explore 3,Vinyl,プレミアムビニール（パール）,Premium Vinyl (Pearl),146.0,-,ファインポイントブレード,120.0,shimmer,0,1326.0,70.0
Explore 3,Vinyl,プレミアムビニール（シマー）,Premium Vinyl (Shimmer),148.0,-,ファインポイントブレード,120.0,shimmer,0,1339.0,71.0
Explore 3,Vinyl,プレミアムビニール（フロステッドグリッター）,Premium Vinyl (Frosted Glitter),148.0,-,ファインポイントブレード,120.0,glitter,0,1456.0,81.0
Explore 3,Vinyl,プレミアムビニール（ホログラフィッククリスタル）,Premium Vinyl (Holographic Crystal),160.0,-,ファインポイントブレード,120.0,holographic,0,1365.0,73.0
Explore 3,Vinyl,プレミアムビニール（テクスチャメタリック）,Premium Vinyl (Textured Metallic),166.0,-,ファインポイントブレード,120.0,metallic,0,1365.0,75.0
Explore 3,Vinyl,プレミアムビニール（テクスチャード）,Premium Vinyl (Textured),166.0,-,ファインポイントブレード,120.0,textured,0,1365.0,73.0
Explore 3,Vinyl,粘着箔、マット,"Adhesive Foil, Matte",170.0,-,ファインポイントブレード,120.0,foil,1,1365.0,75.0
Explore 3,Vinyl,黒板ビニール,Chalkboard Vinyl,190.0,-,ファインポイントブレード,120.0,plain,0,1300.0,65.0
Explore 3,Board/Cardboard,フラットダンボール,Flat cardboard,300.0,-,ファインポイントブレード,850.0,plain,0,850.0,65.0
Explore 3,Board/Cardboard,クラフトボード,Kraft board,320.0,2倍,ファインポイントブレード,850.0,plain,0,900.0,65.0
Explore 3,Board/Cardboard,段ボール,Corrugated cardboard,315.0,-,ファインポイントブレード,850.0,plain,0,850.0,55.0
Explore 3,Board/Cardboard,軽チップボード（0.37mm）,Light chipboard (0.37mm),327.0,2倍,ファインポイントブレード,314.5,plain,0,850.0,55.5
Explore 3,Board/Cardboard,メタリックポスターボード,Metallic poster board,330.0,2倍,ファインポイントブレード,850.0,metallic,0,892.5,75.0
Explore 3,Board/Cardboard,ホイルクラフトボード（ホログラフィック）,Foil kraft board (holographic),340.0,2倍,ファインポイントブレード,850.0,foil,0,945.0,75.0
Explore 3,Board/Cardboard,ホイルポスターボード,Foil poster board,340.0,-,ファインポイントブレード,850.0,foil,0,892.5,75.0
Explore 3,Board/Cardboard,マットボード（1.5mm）,Matte board (1.5mm),350.0,5倍,ディープポイントブレード,1275.0,matte,0,833.0,74.5
Explore 3,Leather,フェイクレザー（ペーパーシン）,Faux Leather (Paper Thin),215.0,2倍,ファインポイントブレード,1440.0,plain,0,900.0,55.0
Explore 3,Leather,フェイクスエード,Faux Suede,250.0,-,ファインポイントブレード,1440.0,plain,0,900.0,55.0
Explore 3,Leather,メタリックレザー,Metallic Leather,255.0,4倍,ディープポイントブレード,1440.0,metallic,0,945.0,65.0
Explore 3,Leather,本革,Genuine Leather,255.0,2倍,ディープポイントブレード,1440.0,plain,0,900.0,55.0
Explore 3,Leather,シマーレザー（1mm）,Shimmer Leather (1mm),325.0,3倍,ファインポイントブレード,900.0,shimmer,0,927.0,61.0
Explore 3,Others,アルミ箔,Aluminum Foil,80.0,2倍,ディープポイントブレード,200.0,foil,0,2835.0,50.0
Explore 3,Plastic,ウィンドウクライング,Window Clinging,100.0,-,ファインポイントブレード,150.0,plain,0,1350.0,70.0
Explore 3,Plastic,フレキシブルステンシルフィルム,Flexible Stencil Film,110.0,-,ファインポイントブレード,150.0,plain,0,1350.0,70.0
Explore 3,Others,ダクトテープシート,Duct Tape Sheets,122.0,-,ファインポイントブレード,200.0,plain,0,150.0,40.0
Explore 3,Others,EVAフォーム,EVA Foam,145.0,-,ディープポイントブレード,200.0,plain,0,100.0,42.0
Explore 3,Others,付箋,Sticky Notes,175.0,-,ファインポイントブレード,200.0,plain,0,150.0,40.0
Explore 3,Others,クラフトフォーム,Craft Foam,180.0,-,ディープポイントブレード,200.0,plain,0,100.0,42.0
Explore 3,Others,グリッタークラフトフォーム,Glitter Craft Foam,180.0,-,ディープポイントブレード,200.0,glitter,0,112.0,58.0
Explore 3,Others,ヴェラム,Vellum,200.0,-,ファインポイントブレード,200.0,plain,0,150.0,12.0
Explore 3,Others,食品・雑貨バッグ,Grocery Bags,200.0,-,ファインポイントブレード,200.0,plain,0,150.0,40.0
Explore 3,Others,フュージブルファブリック,Fusible Fabric,220.0,-,ファインポイントブレード,200.0,plain,0,150.0,40.0
Explore 3,Others,パーティーホイル,Party Foil,275.0,-,ファインポイントブレード,200.0,foil,0,157.5,50.0
Explore 3,Plastic,マイラー,Mylar,292.0,-,ファインポイントブレード,150.0,plain,0,1350.0,70.0
Explore 3,Plastic,ステンシルフィルム（0.4mm）,Stencil Film (0.4mm),300.0,-,ファインポイントブレード,150.0,plain,0,1350.0,70.0
Explore 3,Others,磁気シート（0.5mm）,Magnetic Sheet (0.5mm),300.0,4倍,ディープポイントブレード,200.0,plain,0,3500.0,90.0
Explore 3,Plastic,透明性,Transparency,308.0,-,ファインポイントブレード,150.0,plain,0,1300.0,75.0
Explore 3,Plastic,カッティングマットプロテクター,Cutting Mat Protector,310.0,2倍,ファインポイントブレード,150.0,plain,0,1350.0,70.0
Explore 3,Others,塗料チップ,Paint Chips,310.0,-,ファインポイントブレード,200.0,plain,0,150.0,40.0
Explore 3,Others,天然木ベニヤ,Natural Wood Veneer,320.0,3倍,ディープポイントブレード,200.0,plain,0,350.0,85.0
Explore 3,Others,フェルト、ウール生地,Felt and Wool Fabric,328.0,6倍,ファインポイントブレード,200.0,plain,0,300.0,20.0
Explore 3,Others,フェルト、ウールボンディング,Felt and Wool Bonding,331.0,2倍,ファインポイントブレード,200.0,plain,0,300.0,20.0
Explore 3,Others,磁気シート（1.0mm）,Magnetic Sheet (1.0mm),350.0,8倍,ディープポイントブレード,200.0,plain,0,3500.0,90.0
Cricut Joy,Iron-On,エブリデイアイロン接着タイプ,Everyday Iron-On,95.0,-,ファインポイントブレード,100.0,plain,0,1050.0,45.0
Cricut Joy,Iron-On,UVで色が変わるアイロン接着タイプ,UV-Color-Changing Iron-On,113.0,-,ファインポイントブレード,100.0,plain,0,1050.0,45.0
Cricut Joy,Iron-On,リフレクティブアイロン接着タイプ,Reflective Iron-On,113.0,-,ファインポイントブレード,100.0,plain,0,1050.0,45.0
Cricut Joy,Iron-On,SportFlexアイロン接着タイプ,SportFlex Iron-On,120.0,-,ファインポイントブレード,100.0,plain,0,1050.0,45.0
Cricut Joy,Iron-On,エブリデイアイロン接着タイプ（メッシュ）,Everyday Iron-On (Mesh),120.0,-,ファインポイントブレード,100.0,plain,0,1050.0,45.0
Cricut Joy,Iron-On,暗闇で光るアイロン接着タイプ,Glow-in-the-Dark Iron-On,130.0,-,ファインポイントブレード,100.0,plain,0,1050.0,45.0
Cricut Joy,Iron-On,ホログラフィックアイロン接着タイプ,Holographic Iron-On,135.0,-,ファインポイントブレード,100.0,holographic,0,1102.5,53.0
Cricut Joy,Iron-On,エブリデイアイロン接着タイプ（モザイク）,Everyday Iron-On (Mosaic),158.0,-,ファインポイントブレード,100.0,plain,0,1050.0,45.0
Cricut Joy,Iron-On,グリッターアイロン接着タイプ,Glitter Iron-On,180.0,-,ファインポイントブレード,100.0,glitter,0,1176.0,63.0
Cricut Joy,Iron-On,グリッターメッシュアイロン接着タイプ,Glitter Mesh Iron-On,180.0,-,ファインポイントブレード,100.0,glitter,0,1176.0,61.0
Cricut Joy,Iron-On,ホログラフィックスパークルアイロン接着タイプ,Holographic Sparkle Iron-On,182.0,-,ファインポイントブレード,100.0,holographic,0,1102.5,53.0
Cricut Joy,Iron-On,ホログラフィックアイロン接着モザイク,Holographic Iron-On Mosaic,246.0,-,ファインポイントブレード,100.0,holographic,0,1102.5,53.0
Cricut Joy,Infusible Ink,インフュージブルインク転写シート,Infusible Ink Transfer Sheet,241.0,-,ファインポイントブレード,75.0,plain,0,800.0,20.0
Cricut Joy,Cardstock,厚手カードストック（100lb/270gsm）,Heavyweight cardstock (100lb/270gsm),223.0,3倍,ファインポイントブレード,270.0,plain,0,800.0,30.0
Cricut Joy,Cardstock,グリッターカードストック,Glitter Cardstock,245.0,2倍,ファインポイントブレード,216.0,glitter,0,920.0,48.0
Cricut Joy,Cardstock,軽量カードストック（65lb/176gsm）,Lightweight cardstock (65lb/176gsm),245.0,-,ファインポイントブレード,176.0,plain,0,800.0,30.0
Cricut Joy,Cardstock,中サイズのカードストック（80lb/216gsm）,Medium cardstock (80lb/216gsm),251.0,-,ファインポイントブレード,216.0,plain,0,800.0,30.0
Cricut Joy,Cardstock,インサートカード用カードストック,Insert cardstock,260.0,-,ファインポイントブレード,216.0,plain,0,800.0,30.0
Cricut Joy,Cardstock,カットアウェイカード+バッカー,Cutaway cards with backers,315.0,-,ファインポイントブレード,216.0,plain,0,800.0,30.0
Cricut Joy,Paper,レーザーコピー用紙,Laser Copy Paper,100.0,2倍,ファインポイントブレード,80.0,plain,0,750.0,15.0
Cricut Joy,Paper,パールペーパー,Pearl Paper,120.0,2倍,ファインポイントブレード,80.0,shimmer,0,765.0,20.0
Cricut Joy,Paper,写真用紙,Photo Paper,223.0,2倍,ファインポイントブレード,80.0,plain,0,750.0,15.0
Cricut Joy,Paper,デラックスペーパー、接着剤付き,Deluxe Paper with Adhesive,253.0,-,ファインポイントブレード,80.0,plain,1,750.0,15.0
Cricut Joy,Paper,デラックスペーパーホイルエンボス加工,Deluxe Foil Embossed Paper,257.0,-,ファインポイントブレード,80.0,foil,0,787.5,25.0
Cricut Joy,Paper,デラックスペーパー,Deluxe Paper,270.0,-,ファインポイントブレード,80.0,plain,0,750.0,15.0
Cricut Joy,Paper,スパークルペーパー,Sparkle Paper,271.0,2倍,ファインポイントブレード,80.0,plain,0,750.0,15.0
Cricut Joy,Paper,シマーペーパー,Shimmer Paper,306.0,2倍,ファインポイントブレード,80.0,shimmer,0,772.5,21.0
Cricut Joy,Paper,ホイル紙（0.36mm）,Foil Paper (0.36mm),318.0,-,ファインポイントブレード,80.0,foil,0,787.5,25.0
Cricut Joy,Paper,トゥルーブラッシュドペーパー,True Brushed Paper,328.0,2倍,ファインポイントブレード,80.0,plain,0,750.0,15.0
Cricut Joy,Plastic,ホイルアセテート,Foil Acetate,330.0,2倍,ファインポイントブレード,150.0,foil,0,1365.0,85.0
Cricut Joy,Smart Materials,スマートラベル（溶解可能）,Smart Labels (Dissolvable),80.0,-,ファインポイントブレード,120.0,plain,0,1300.0,65.0
Cricut Joy,Smart Materials,スマートアイロン接着タイプ（模様入り）,Smart Iron-On (Patterned),90.0,-,ファインポイントブレード,120.0,plain,0,1300.0,65.0
Cricut Joy,Smart Materials,スマートラベル（書き込み可能・紙）,Smart Labels (Writable/Paper),107.0,-,ファインポイントブレード,120.0,plain,0,1300.0,65.0
Cricut Joy,Smart Materials,スマートステンシル,Smart Stencils,110.0,-,ファインポイントブレード,120.0,plain,0,1300.0,65.0
Cricut Joy,Smart Materials,スマートビニール（ホログラフィックパターン）,Smart Vinyl (Holographic Pattern),111.0,-,ファインポイントブレード,120.0,holographic,0,1365.0,73.0
Cricut Joy,Smart Materials,スマートビニール（取り外し可能）,Smart Vinyl (Removable),115.0,-,ファインポイントブレード,120.0,plain,0,1300.0,65.0
Cricut Joy,Smart Materials,スマートアイロン接着タイプ,Smart Iron-On,118.0,-,ファインポイントブレード,120.0,plain,0,1300.0,65.0
Cricut Joy,Smart Materials,スマートビニール（パーマネント）,Smart Vinyl (Permanent),125.0,-,ファインポイントブレード,120.0,plain,0,1300.0,65.0
Cricut Joy,Smart Materials,スマートアイロン接着タイプ（ホログラフィック）,Smart Iron-On (Holographic),135.0,-,ファインポイントブレード,120.0,holographic,0,1365.0,73.0
Cricut Joy,Smart Materials,スマートビニール（シマー）,Smart Vinyl (Shimmer),135.0,-,ファインポイントブレード,120.0,shimmer,0,1339.0,71.0
Cricut Joy,Smart Materials,スマートアイロン接着タイプ（グリッター）,Smart Iron-On (Glitter),147.0,-,ファインポイントブレード,120.0,glitter,0,1456.0,81.0
Cricut Joy,Smart Materials,スマートラベル（書き込み可能・ビニール）,Smart Labels (Writable/Vinyl),150.0,-,ファインポイントブレード,120.0,plain,0,1300.0,65.0
Cricut Joy,Smart Materials,スマートビニール（マットメタリック）,Smart Vinyl (Matte Metallic),155.0,-,ファインポイントブレード,120.0,metallic,0,1365.0,75.0
Cricut Joy,Smart Materials,スマートペーパーステッカー（カードストック）,Smart Paper Stickers (Cardstock),285.0,-,ファインポイントブレード,120.0,plain,1,1300.0,65.0
Cricut Joy,Vinyl,プレミアムビニール（ホログラフィッククリスタル）,Premium Vinyl (Holographic Crystal),121.0,-,ファインポイントブレード,120.0,holographic,0,1365.0,73.0
Cricut Joy,Vinyl,プレミアムビニール（ホログラフィックバブル）,Premium Vinyl (Holographic Bubble),121.0,-,ファインポイントブレード,120.0,holographic,0,1365.0,73.0
Cricut Joy,Vinyl,プレミアムビニール（（ホログラフィックアールデコ））,Premium Vinyl (Holographic Art Deco),121.0,-,ファインポイントブレード,120.0,holographic,0,1365.0,73.0
Cricut Joy,Vinyl,プレミアムビニール（（ホログラフィックスレッド））,Premium Vinyl (Holographic Thread),121.0,-,ファインポイントブレード,120.0,holographic,0,1365.0,73.0
Cricut Joy,Vinyl,ホログラフィックスパークルビニール,Holographic Sparkle Vinyl,121.0,-,ファインポイントブレード,120.0,holographic,0,1365.0,73.0
Cricut Joy,Vinyl,接着箔,Adhesive Foil,121.0,-,ファインポイントブレード,120.0,foil,1,1365.0,75.0
Cricut Joy,Vinyl,プレミアムビニール（（テクスチャード））,Premium Vinyl (Textured),123.0,-,ファインポイントブレード,120.0,textured,0,1365.0,73.0
Cricut Joy,Vinyl,プレミアムビニール（（ホログラフィック3Dテクスチャ））,Premium Vinyl (Holographic 3D Texture),123.0,-,ファインポイントブレード,120.0,holographic,0,1365.0,73.0
Cricut Joy,Vinyl,プレミアムビニール（（トゥルーブラッシュド））,Premium Vinyl (True Brushed),124.0,-,ファインポイントブレード,120.0,plain,0,1300.0,65.0
Cricut Joy,Vinyl,プレミアムビニール（（モザイク））,Premium Vinyl (Mosaic),124.0,-,ファインポイントブレード,120.0,plain,0,1300.0,65.0
Cricut Joy,Vinyl,プレミアムビニール（（フロステッドグレー））,Premium Vinyl (Frosted Gray),126.0,-,ファインポイントブレード,120.0,plain,0,1300.0,65.0
Cricut Joy,Vinyl,ステンシルビニール,Stencil Vinyl,127.0,-,ファインポイントブレード,120.0,plain,0,1300.0,65.0
Cricut Joy,Vinyl,ホワイトボード用ビニール（ドライイレース）,Whiteboard Vinyl (Dry Erase),131.0,-,ファインポイントブレード,120.0,plain,0,1300.0,65.0
Cricut Joy,Vinyl,プレミアムビニール（（テクスチャメタリック））,Premium Vinyl (Textured Metallic),132.0,-,ファインポイントブレード,120.0,metallic,0,1365.0,75.0
Cricut Joy,Vinyl,ホログラフィックビニール,Holographic Vinyl,137.0,-,ファインポイントブレード,120.0,holographic,0,1365.0,73.0
Cricut Joy,Vinyl,プレミアムビニール,Premium Vinyl,139.0,-,ファインポイントブレード,120.0,plain,0,1300.0,65.0
Cricut Joy,Vinyl,プレミアムビニール（（フロステッド不透明））,Premium Vinyl (Frosted Opaque),151.0,-,ファインポイントブレード,120.0,plain,0,1300.0,65.0
Cricut Joy,Vinyl,温度で色が変わるビニール（ヒート/コールド）,Temperature Color Changing Vinyl (Heat/Cold),152.0,-,ファインポイントブレード,120.0,plain,0,1300.0,65.0
Cricut Joy,Vinyl,プレミアムビニール（（パール））,Premium Vinyl (Pearl),158.0,-,ファインポイントブレード,120.0,shimmer,0,1326.0,70.0
Cricut Joy,Vinyl,プレミアムビニール（（フロステッドグリッター））,Premium Vinyl (Frosted Glitter),158.0,-,ファインポイントブレード,120.0,glitter,0,1456.0,81.0
Cricut Joy,Vinyl,暗闇で光るビニール,Glow-in-the-Dark Vinyl,160.0,2倍,ファインポイントブレード,120.0,plain,0,1300.0,65.0
Cricut Joy,Vinyl,黒板ビニール,Chalkboard Vinyl,206.0,-,ファインポイントブレード,120.0,plain,0,1300.0,65.0
Cricut Joy,Board/Cardboard,フラットダンボール,Flat cardboard,226.0,-,ファインポイントブレード,850.0,plain,0,850.0,65.0
Cricut Joy,Board/Cardboard,ホイルポスターボード,Foil poster board,257.0,-,ファインポイントブレード,850.0,foil,0,892.5,75.0
Cricut Joy,Board/Cardboard,段ボール,Corrugated cardboard,286.0,-,ファインポイントブレード,850.0,plain,0,850.0,55.0
Cricut Joy,Leather,フェイクレザー（ペーパーシン）,Faux leather (paper thin),251.0,2倍,ファインポイントブレード,1440.0,plain,0,900.0,55.0
Cricut Joy,Others,ウィンドウクライング,Window Crying,120.0,-,ファインポイントブレード,200.0,plain,0,150.0,40.0
Cricut Joy,Others,水彩カード,Watercolor Cards,230.0,2倍,ファインポイントブレード,200.0,plain,0,150.0,40.0
Cricut Joy,Others,パーティーホイル,Party Foil,269.0,-,ファインポイントブレード,200.0,foil,0,157.5,50.0
Cricut Joy,Pens & Markers,グリッタージェルペン,Glitter Gel Pen,,,,100.0,glitter,0,560.0,56.0
Cricut Joy,Pens & Markers,ジェルペン,Gel Pen,,,,100.0,plain,0,500.0,40.0
Cricut Joy,Pens & Markers,不透明ゲルペン,Opaque Gel Pen,,,,100.0,plain,0,500.0,40.0
Cricut Joy,Pens & Markers,メタリックマーカー,Metallic Marker,,,,100.0,metallic,0,525.0,50.0
Cricut Joy,Pens & Markers,水性ペン,Water-based Pen,,,,100.0,plain,0,500.0,40.0
Cricut Joy,Pens & Markers,極細ペン,Extra Fine Point Pen,,,,100.0,plain,0,500.0,40.0
Cricut Joy 2,Iron-On,,3D Iron-On,100.0,-,ファインポイントブレード,100.0,plain,0,1050.0,45.0
Cricut Joy 2,Plastic,アセテート,Acetate,250.0,2倍,ファインポイントブレード,150.0,plain,0,1300.0,75.0
Cricut Joy 2,Vinyl,接着箔,Adhesive Foil,90.0,-,ファインポイントブレード,120.0,foil,1,1365.0,75.0
Cricut Joy 2,Paper,キャリブレーションペーパー,Calibration Paper,150.0,-,ファインポイントブレード,80.0,plain,0,750.0,15.0
Cricut Joy 2,Vinyl,黒板ビニール,Chalkboard Vinyl,180.0,-,ファインポイントブレード,120.0,plain,0,1300.0,65.0
Cricut Joy 2,Iron-On,,Chameleon Iron-On,100.0,-,ファインポイントブレード,100.0,plain,0,1050.0,45.0
Cricut Joy 2,Iron-On,,Color Pop Iron-On,175.0,-,ファインポイントブレード,100.0,plain,0,1050.0,45.0
Cricut Joy 2,Paper,建設用紙,Construction Paper,168.0,-,ファインポイントブレード,80.0,plain,0,750.0,15.0
Cricut Joy 2,Paper,,Copy Paper,95.0,-,ファインポイントブレード,80.0,plain,0,750.0,15.0
Cricut Joy 2,Cardstock,,Cutaway Card + Backer,150.0,2倍,ファインポイントブレード,216.0,plain,0,800.0,30.0
Cricut Joy 2,Vinyl,,Dry Erase Vinyl,120.0,-,ファインポイントブレード,120.0,plain,0,1300.0,65.0
Cricut Joy 2,Iron-On,エブリデイアイロン接着タイプ,Everyday Iron-On,100.0,-,ファインポイントブレード,100.0,plain,0,1050.0,45.0
Cricut Joy 2,Leather,フェイクレザー（ペーパーシン）,Faux Leather (Paper Thin),120.0,2倍,ファインポイントブレード,1440.0,plain,0,900.0,55.0
Cricut Joy 2,Leather,フェイクスエード,Faux Suede,90.0,3倍,ファインポイントブレード,1440.0,plain,0,900.0,55.0
Cricut Joy 2,Others,フェルト,Felt,160.0,2倍,ファインポイントブレード,200.0,plain,0,300.0,20.0
Cricut Joy 2,Iron-On,,Flocked Iron-On,120.0,-,ファインポイントブレード,100.0,flock,0,1102.5,59.0
Cricut Joy 2,Iron-On,ホイルアイロン接着タイプ,Foil Iron-On,90.0,-,ファインポイントブレード,100.0,foil,0,1050.0,55.0
Cricut Joy 2,Cardstock,グリッターカードストック,Glitter Cardstock,270.0,2倍,ファインポイントブレード,216.0,glitter,0,920.0,48.0
Cricut Joy 2,Iron-On,グリッターアイロン接着タイプ,Glitter Iron-On,180.0,-,ファインポイントブレード,100.0,glitter,0,1176.0,63.0
Cricut Joy 2,Iron-On,,Glow in the Dark Iron-On,220.0,-,ファインポイントブレード,100.0,plain,0,1050.0,45.0
Cricut Joy 2,Vinyl,,Glow in the Dark Vinyl,145.0,2倍,ファインポイントブレード,120.0,plain,0,1300.0,65.0
Cricut Joy 2,Vinyl,,Heat/Cold Activated Color Changing Vinyl,120.0,-,ファインポイントブレード,120.0,plain,0,1300.0,65.0
Cricut Joy 2,Cardstock,,Heavy Cardstock - 100 lb (270 gsm),280.0,2倍,ファインポイントブレード,270.0,plain,0,800.0,30.0
Cricut Joy 2,Paper,,Heavy Watercolor Paper - 140 lbs (300 gsm),220.0,2倍,ファインポイントブレード,300.0,plain,0,750.0,15.0
Cricut Joy 2,Iron-On,ホログラフィックアイロン接着タイプ,Holographic Iron-On,120.0,-,ファインポイントブレード,100.0,holographic,0,1102.5,53.0
Cricut Joy 2,Vinyl,ホログラフィックビニール,Holographic Vinyl,100.0,-,ファインポイントブレード,120.0,holographic,0,1365.0,73.0
Cricut Joy 2,Infusible Ink,インフュージブルインク転写シート,Infusible Ink Transfer Sheet,210.0,-,ファインポイントブレード,75.0,plain,0,800.0,20.0
Cricut Joy 2,Cardstock,,Insert Card - Cardstock,150.0,2倍,ファインポイントブレード,216.0,plain,0,800.0,30.0
Cricut Joy 2,Iron-On,,Iron-On Patches,160.0,3倍,ファインポイントブレード,100.0,plain,0,1050.0,45.0
Cricut Joy 2,Printable Materials,,"Laminated Printable Sticker Paper, White",250.0,2倍,ファインポイントブレード,100.0,plain,1,900.0,25.0
Cricut Joy 2,Paper,レーザーコピー用紙,Laser Copy Paper,110.0,-,ファインポイントブレード,80.0,plain,0,750.0,15.0
Cricut Joy 2,Cardstock,,Medium Cardstock - 80 lb (216 gsm),210.0,2倍,ファインポイントブレード,216.0,plain,0,800.0,30.0
Cricut Joy 2,Cardstock,,"Medium Cardstock - 80 lb (Basic Cuts, Single Pass)",270.0,-,ファインポイントブレード,300.79999999999995,plain,0,800.0,30.0
Cricut Joy 2,Iron-On,,Metallic Puff Iron-On,140.0,-,ファインポイントブレード,100.0,metallic,0,1102.5,55.0
Cricut Joy 2,Vinyl,,Premium Vinyl - Frosted Opaque,110.0,-,ファインポイントブレード,120.0,plain,0,1300.0,65.0
Cricut Joy 2,Vinyl,,Premium Vinyl - Holographic Sparkle,100.0,-,ファインポイントブレード,120.0,holographic,0,1365.0,73.0
Cricut Joy 2,Vinyl,,Premium Vinyl - Holographic Threads,100.0,-,ファインポイントブレード,120.0,holographic,0,1365.0,73.0
Cricut Joy 2,Vinyl,,Premium Vinyl - Pearl,120.0,-,ファインポイントブレード,120.0,shimmer,0,1326.0,70.0
Cricut Joy 2,Vinyl,,Premium Vinyl - Permanent,100.0,-,ファインポイントブレード,120.0,plain,0,1300.0,65.0
Cricut Joy 2,Vinyl,,Premium Vinyl - Removable,100.0,-,ファインポイントブレード,120.0,plain,0,1300.0,65.0
Cricut Joy 2,Vinyl,,Premium Vinyl - Shimmer,110.0,-,ファインポイントブレード,120.0,shimmer,0,1339.0,71.0
Cricut Joy 2,Vinyl,,Premium Vinyl - Textured Metallic,110.0,-,ファインポイントブレード,120.0,metallic,0,1365.0,75.0
Cricut Joy 2,Vinyl,,Premium Vinyl - True Brushed,110.0,-,ファインポイントブレード,120.0,plain,0,1300.0,65.0
Cricut Joy 2,Iron-On,,Printable Iron-On Glitter Kit,230.0,2倍,ファインポイントブレード,100.0,glitter,0,1176.0,61.0
Cricut Joy 2,Iron-On,,Printable Iron-On Glow in the Dark Kit,200.0,2倍,ファインポイントブレード,100.0,plain,0,1050.0,45.0
Cricut Joy 2,Iron-On,,Printable Iron-On Holographic Kit,200.0,2倍,ファインポイントブレード,100.0,holographic,0,1102.5,53.0
Cricut Joy 2,Iron-On,印刷可能なアイロン接着タイプ、ダーク,"Printable Iron-On, Dark",120.0,-,ファインポイントブレード,100.0,plain,0,1050.0,45.0
Cricut Joy 2,Iron-On,印刷可能なアイロン接着タイプ、ライト,"Printable Iron-On, Light",95.0,-,ファインポイントブレード,100.0,plain,0,1050.0,45.0
Cricut Joy 2,Iron-On,,"Printable Iron-On, Sublimation",100.0,-,ファインポイントブレード,100.0,plain,0,1050.0,45.0
Cricut Joy 2,Printable Materials,,Printable Magnetic Sheet,300.0,-,ファインポイントブレード,100.0,plain,0,3500.0,90.0
Cricut Joy 2,Printable Materials,,"Printable Sticker Paper, White",100.0,2倍,ファインポイントブレード,100.0,plain,1,900.0,25.0
Cricut Joy 2,Printable Materials,,Printable Temporary Tattoo Paper,350.0,2倍,ファインポイントブレード,100.0,plain,0,900.0,25.0
Cricut Joy 2,Printable Materials,,"Printable Vinyl, Specialty (Gold/Silver)",120.0,-,ファインポイントブレード,100.0,plain,0,900.0,25.0
Cricut Joy 2,Printable Materials,,"Printable Vinyl, Transparent",110.0,-,ファインポイントブレード,100.0,plain,0,900.0,25.0
Cricut Joy 2,Printable Materials,,"Printable Vinyl, White (Green Liner Printing)",90.0,-,ファインポイントブレード,100.0,plain,0,900.0,25.0
Cricut Joy 2,Printable Materials,,Printable Waterproof Sticker Set - Transparent,250.0,2倍,ファインポイントブレード,100.0,plain,1,900.0,25.0
Cricut Joy 2,Printable Materials,,Printable Waterproof Sticker Set - Transparent Holographic,250.0,2倍,ファインポイントブレード,100.0,holographic,1,945.0,33.0
Cricut Joy 2,Printable Materials,,Printable Waterproof Sticker Set - White,180.0,2倍,ファインポイントブレード,100.0,plain,1,900.0,25.0
Cricut Joy 2,Printable Materials,,Printable Waterproof Sticker Set - White Holographic,180.0,2倍,ファインポイントブレード,100.0,holographic,1,945.0,33.0
Cricut Joy 2,Iron-On,,Puff Iron-On,120.0,-,ファインポイントブレード,100.0,plain,0,1050.0,45.0
Cricut Joy 2,Iron-On,リフレクティブアイロン接着タイプ,Reflective Iron-On,100.0,-,ファインポイントブレード,100.0,plain,0,1050.0,45.0
Cricut Joy 2,Smart Materials,,Smart Iron-On Glitter Matless Heat Transfer Vinyl,180.0,-,ファインポイントブレード,120.0,glitter,0,1456.0,81.0
Cricut Joy 2,Smart Materials,,Smart Iron-On Holographic Matless Heat Transfer Vinyl,130.0,-,ファインポイントブレード,120.0,holographic,0,1365.0,73.0
Cricut Joy 2,Smart Materials,,Smart Iron-On Matless Heat Transfer Vinyl,120.0,-,ファインポイントブレード,120.0,plain,0,1300.0,65.0
Cricut Joy 2,Smart Materials,,Smart Label Dissolvable Matless Writable Paper,100.0,-,ファインポイントブレード,120.0,plain,0,1300.0,65.0
Cricut Joy 2,Smart Materials,,Smart Label Matless Writable Paper,100.0,-,ファインポイントブレード,120.0,plain,0,1300.0,65.0
Cricut Joy 2,Smart Materials,,Smart Label Matless Writable Vinyl,120.0,-,ファインポイントブレード,120.0,plain,0,1300.0,65.0
Cricut Joy 2,Smart Materials,,Smart Paper Matless Sticker Cardstock,220.0,2倍,ファインポイントブレード,120.0,plain,1,1300.0,65.0
Cricut Joy 2,Smart Materials,,Smart Stencil Matless Flexible Stencil Film,100.0,-,ファインポイントブレード,120.0,plain,0,1300.0,65.0
Cricut Joy 2,Smart Materials,,Smart Vinyl Matless Permanent Vinyl,130.0,-,ファインポイントブレード,120.0,plain,0,1300.0,65.0
Cricut Joy 2,Smart Materials,,Smart Vinyl Matless Removable Vinyl,130.0,-,ファインポイントブレード,120.0,plain,0,1300.0,65.0
Cricut Joy 2,Smart Materials,,Smart Vinyl Matte Metallic Matless Permanent Vinyl,110.0,-,ファインポイントブレード,120.0,metallic,0,1365.0,75.0
Cricut Joy 2,Smart Materials,,Smart Vinyl Shimmer Matless Permanent Vinyl,145.0,-,ファインポイントブレード,120.0,shimmer,0,1339.0,71.0
Cricut Joy 2,Iron-On,SportFlexアイロン接着タイプ,SportFlex Iron-On,100.0,-,ファインポイントブレード,100.0,plain,0,1050.0,45.0
Cricut Joy 2,Paper,,Sublimation Paper,110.0,-,ファインポイントブレード,80.0,plain,0,750.0,15.0
Cricut Joy 2,Iron-On,,UV Activated Color Changing Iron-On,100.0,-,ファインポイントブレード,100.0,plain,0,1050.0,45.0
Cricut Joy 2,Iron-On,,UV-Activated Color-Changing Printable Iron-On Kit,200.0,2倍,ファインポイントブレード,100.0,plain,0,1050.0,45.0
Cricut Joy 2,Cardstock,,Value Cardstock - 65 lb (176gsm),130.0,2倍,ファインポイントブレード,176.0,plain,0,800.0,30.0
Cricut Joy 2,Cardstock,,"Value Cardstock - 65 lb (Basic Cuts, Single Pass)",200.0,-,ファインポイントブレード,244.4,plain,0,800.0,30.0
Cricut Joy 2,Iron-On,,Value Glitter Iron-On,130.0,-,ファインポイントブレード,100.0,glitter,0,1176.0,63.0
Cricut Joy 2,Iron-On,,Value Iron-On,100.0,-,ファインポイントブレード,100.0,plain,0,1050.0,45.0
Cricut Joy 2,Vinyl,,Value Vinyl,100.0,-,ファインポイントブレード,120.0,plain,0,1300.0,65.0
Cricut Joy 2,Paper,ヴェラム,Vellum,150.0,-,ファインポイントブレード,80.0,plain,0,750.0,12.0
Cricut Joy 2,Cardstock,水彩カード,Watercolor Cards,180.0,2倍,ファインポイントブレード,216.0,plain,0,800.0,30.0
Cricut Joy Xtra,Iron-On,,3D Iron-On,100.0,-,ファインポイントブレード,100.0,plain,0,1050.0,45.0
Cricut Joy Xtra,Plastic,アセテート,Acetate,290.0,2倍,ファインポイントブレード,150.0,plain,0,1300.0,75.0
Cricut Joy Xtra,Vinyl,接着箔,Adhesive Foil,90.0,-,ファインポイントブレード,120.0,foil,1,1365.0,75.0
Cricut Joy Xtra,Vinyl,粘着箔、マット,"Adhesive Foil, Matte",90.0,-,ファインポイントブレード,120.0,foil,1,1365.0,75.0
Cricut Joy Xtra,Others,アルミ箔,Aluminum Foil,70.0,2倍,ファインポイントブレード,200.0,foil,0,2835.0,50.0
Cricut Joy Xtra,Paper,ブッチャーペーパー,Butcher Paper,100.0,-,ファインポイントブレード,80.0,plain,0,750.0,15.0
Cricut Joy Xtra,Paper,キャリブレーションペーパー,Calibration Paper,90.0,-,ファインポイントブレード,80.0,plain,0,750.0,15.0
Cricut Joy Xtra,Cardstock,,Cardstock (H),182.0,2倍,ファインポイントブレード,216.0,plain,0,800.0,30.0
Cricut Joy Xtra,Cardstock,,"Cardstock, Adhesive-Backed",200.0,2倍,ファインポイントブレード,216.0,plain,1,800.0,30.0
Cricut Joy Xtra,Vinyl,黒板ビニール,Chalkboard Vinyl,160.0,-,ファインポイントブレード,120.0,plain,0,1300.0,65.0
Cricut Joy Xtra,Iron-On,,Chameleon Iron-On,130.0,-,ファインポイントブレード,100.0,plain,0,1050.0,45.0
Cricut Joy Xtra,Iron-On,,Color Pop Iron-On,250.0,-,ファインポイントブレード,100.0,plain,0,1050.0,45.0
Cricut Joy Xtra,Paper,建設用紙,Construction Paper,150.0,-,ファインポイントブレード,80.0,plain,0,750.0,15.0
Cricut Joy Xtra,Paper,,Copy Paper,90.0,-,ファインポイントブレード,80.0,plain,0,750.0,15.0
Cricut Joy Xtra,Paper,,Copy Paper - 24 lb (90 gsm),90.0,-,ファインポイントブレード,90.0,plain,0,750.0,15.0
Cricut Joy Xtra,Paper,,Copy Paper - 32 lb (120 gsm),90.0,-,ファインポイントブレード,120.0,plain,0,750.0,15.0
Cricut Joy Xtra,Board/Cardboard,段ボール,Corrugated Cardboard,320.0,-,ディープポイントブレード,850.0,plain,0,850.0,55.0
Cricut Joy Xtra,Others,クラフトフォーム,Craft Foam,80.0,10倍,ディープポイントブレード,200.0,plain,0,100.0,42.0
Cricut Joy Xtra,Cardstock,,Cutaway Card + Backer,165.0,2倍,ファインポイントブレード,216.0,plain,0,800.0,30.0
Cricut Joy Xtra,Fabric,デニム、接着,"Denim, Bonded",320.0,3倍,ファインポイントブレード,150.0,plain,0,280.0,10.0
Cricut Joy Xtra,Vinyl,,Dry Erase Vinyl,120.0,-,ファインポイントブレード,120.0,plain,0,1300.0,65.0
Cricut Joy Xtra,Others,EVAフォーム,EVA Foam,150.0,-,ディープポイントブレード,200.0,plain,0,100.0,42.0
Cricut Joy Xtra,Iron-On,エブリデイアイロン接着タイプ,Everyday Iron-On,90.0,-,ファインポイントブレード,100.0,plain,0,1050.0,45.0
Cricut Joy Xtra,Leather,フェイクレザー（ペーパーシン）,Faux Leather (Paper Thin),150.0,2倍,ファインポイントブレード,1440.0,plain,0,900.0,55.0
Cricut Joy Xtra,Leather,フェイクスエード,Faux Suede,90.0,3倍,ファインポイントブレード,1440.0,plain,0,900.0,55.0
Cricut Joy Xtra,Others,フェルト,Felt,160.0,2倍,ファインポイントブレード,200.0,plain,0,300.0,20.0
Cricut Joy Xtra,Fabric,,"Felt, Wool Bonded",90.0,3倍,ファインポイントブレード,150.0,plain,0,300.0,20.0
Cricut Joy Xtra,Others,フェルト、ウール生地,"Felt, Wool Fabric",320.0,6倍,ファインポイントブレード,200.0,plain,0,300.0,20.0
Cricut Joy Xtra,Board/Cardboard,フラットダンボール,Flat Cardboard,320.0,-,ファインポイントブレード,850.0,plain,0,850.0,65.0
Cricut Joy Xtra,Iron-On,,Flocked Iron-On,120.0,-,ファインポイントブレード,100.0,flock,0,1102.5,59.0
Cricut Joy Xtra,Paper,,Flocked Paper,250.0,3倍,ファインポイントブレード,80.0,flock,0,787.5,29.0
Cricut Joy Xtra,Iron-On,ホイルアイロン接着タイプ,Foil Iron-On,90.0,-,ファインポイントブレード,100.0,foil,0,1050.0,55.0
Cricut Joy Xtra,Board/Cardboard,ホイルポスターボード,Foil Poster Board,330.0,2倍,ファインポイントブレード,850.0,foil,0,892.5,75.0
Cricut Joy Xtra,Cardstock,グリッターカードストック,Glitter Cardstock,280.0,2倍,ファインポイントブレード,216.0,glitter,0,920.0,48.0
Cricut Joy Xtra,Iron-On,グリッターアイロン接着タイプ,Glitter Iron-On,180.0,-,ファインポイントブレード,100.0,glitter,0,1176.0,63.0
Cricut Joy Xtra,Iron-On,,Glow in the Dark Iron-On,90.0,-,ファインポイントブレード,100.0,plain,0,1050.0,45.0
Cricut Joy Xtra,Vinyl,,Glow in the Dark Vinyl,110.0,2倍,ファインポイントブレード,120.0,plain,0,1300.0,65.0
Cricut Joy Xtra,Vinyl,,Heat/Cold Activated Color Changing Vinyl,130.0,-,ファインポイントブレード,120.0,plain,0,1300.0,65.0
Cricut Joy Xtra,Cardstock,,Heavy Cardstock - 100 lb (270 gsm),270.0,2倍,ファインポイントブレード,270.0,plain,0,800.0,30.0
Cricut Joy Xtra,Paper,,Heavy Watercolor Paper - 140 lbs (300 gsm),220.0,2倍,ファインポイントブレード,300.0,plain,0,750.0,15.0
Cricut Joy Xtra,Iron-On,ホログラフィックアイロン接着タイプ,Holographic Iron-On,90.0,-,ファインポイントブレード,100.0,holographic,0,1102.5,53.0
Cricut Joy Xtra,Vinyl,ホログラフィックビニール,Holographic Vinyl,90.0,-,ファインポイントブレード,120.0,holographic,0,1365.0,73.0
Cricut Joy Xtra,Infusible Ink,インフュージブルインク転写シート,Infusible Ink Transfer Sheet,230.0,-,ファインポイントブレード,75.0,plain,0,800.0,20.0
Cricut Joy Xtra,Cardstock,,Insert Card - Cardstock,180.0,2倍,ファインポイントブレード,216.0,plain,0,800.0,30.0
Cricut Joy Xtra,Iron-On,,Iron-On Patches,130.0,3倍,ファインポイントブレード,100.0,plain,0,1050.0,45.0
Cricut Joy Xtra,Board/Cardboard,クラフトボード,Kraft Board,330.0,3倍,ファインポイントブレード,850.0,plain,0,900.0,65.0
Cricut Joy Xtra,Cardstock,クラフトカードストック,Kraft Cardstock,300.0,-,ファインポイントブレード,216.0,plain,0,800.0,30.0
Cricut Joy Xtra,Printable Materials,,"Laminated Printable Sticker Paper, White",250.0,2倍,ファインポイントブレード,100.0,plain,1,900.0,25.0
Cricut Joy Xtra,Paper,レーザーコピー用紙,Laser Copy Paper,90.0,-,ファインポイントブレード,80.0,plain,0,750.0,15.0
Cricut Joy Xtra,Cardstock,,Light Cardstock - 65 lb (176 gsm),140.0,2倍,ファインポイントブレード,176.0,plain,0,800.0,30.0
Cricut Joy Xtra,Board/Cardboard,,Light Chipboard - 0.37 mm,320.0,2倍,ファインポイントブレード,314.5,plain,0,850.0,55.5
Cricut Joy Xtra,Others,,Magnetic Sheet - 0.5 mm,400.0,5倍,ファインポイントブレード,200.0,plain,0,3500.0,90.0
Cricut Joy Xtra,Others,,Magnetic Sheet - 1.0 mm,350.0,8倍,ディープポイントブレード,200.0,plain,0,3500.0,90.0
Cricut Joy Xtra,Board/Cardboard,,Matboard (1.5 mm),350.0,6倍,ディープポイントブレード,1275.0,plain,0,850.0,72.5
Cricut Joy Xtra,Cardstock,,Medium Cardstock - 80 lb (216 gsm),180.0,2倍,ファインポイントブレード,216.0,plain,0,800.0,30.0
Cricut Joy Xtra,Cardstock,,"Medium Cardstock - 80 lb (Basic Cuts, Single Pass)",270.0,-,ファインポイントブレード,300.79999999999995,plain,0,800.0,30.0
Cricut Joy Xtra,Fabric,,"Medium Fabrics (like Cotton), Bonded",90.0,3倍,ファインポイントブレード,150.0,plain,0,280.0,10.0
Cricut Joy Xtra,Iron-On,,Metallic Puff Iron-On,120.0,-,ファインポイントブレード,100.0,metallic,0,1102.5,55.0
Cricut Joy Xtra,Others,天然木ベニヤ,Natural Wood Veneer,310.0,4倍,ディープポイントブレード,200.0,plain,0,350.0,85.0
Cricut Joy Xtra,Paper,,Photo Paper - 48 lb,200.0,-,ファインポイントブレード,180.48,plain,0,750.0,15.0
Cricut Joy Xtra,Vinyl,プレミアムビニール,Premium Vinyl,100.0,-,ファインポイントブレード,120.0,plain,0,1300.0,65.0
Cricut Joy Xtra,Vinyl,,Premium Vinyl - Frosted Opaque,130.0,-,ファインポイントブレード,120.0,plain,0,1300.0,65.0
Cricut Joy Xtra,Vinyl,,Premium Vinyl - Textured Metallic,150.0,-,ファインポイントブレード,120.0,metallic,0,1365.0,75.0
Cricut Joy Xtra,Vinyl,,Premium Vinyl - True Brushed,240.0,-,ファインポイントブレード,120.0,plain,0,1300.0,65.0
Cricut Joy Xtra,Iron-On,,Printable Iron-On Glitter Kit,240.0,2倍,ファインポイントブレード,100.0,glitter,0,1176.0,61.0
Cricut Joy Xtra,Iron-On,,Printable Iron-On Glow in the Dark Kit,160.0,2倍,ファインポイントブレード,100.0,plain,0,1050.0,45.0
Cricut Joy Xtra,Iron-On,,Printable Iron-On Holographic Kit,160.0,2倍,ファインポイントブレード,100.0,holographic,0,1102.5,53.0
Cricut Joy Xtra,Iron-On,印刷可能なアイロン接着タイプ、ダーク,"Printable Iron-On, Dark",100.0,-,ファインポイントブレード,100.0,plain,0,1050.0,45.0
Cricut Joy Xtra,Iron-On,印刷可能なアイロン接着タイプ、ライト,"Printable Iron-On, Light",70.0,-,ファインポイントブレード,100.0,plain,0,1050.0,45.0
Cricut Joy Xtra,Iron-On,,"Printable Iron-On, Sublimation",100.0,-,ファインポイントブレード,100.0,plain,0,1050.0,45.0
Cricut Joy Xtra,Printable Materials,,Printable Magnetic Sheet,300.0,-,ファインポイントブレード,100.0,plain,0,3500.0,90.0
Cricut Joy Xtra,Printable Materials,,"Printable Sticker Paper, White",80.0,2倍,ファインポイントブレード,100.0,plain,1,900.0,25.0
Cricut Joy Xtra,Printable Materials,,Printable Temporary Tattoo Paper,280.0,2倍,ファインポイントブレード,100.0,plain,0,900.0,25.0
Cricut Joy Xtra,Printable Materials,,"Printable Vinyl, Specialty (Gold/Silver)",110.0,-,ファインポイントブレード,100.0,plain,0,900.0,25.0
Cricut Joy Xtra,Printable Materials,,"Printable Vinyl, Transparent",100.0,-,ファインポイントブレード,100.0,plain,0,900.0,25.0
Cricut Joy Xtra,Printable Materials,,"Printable Vinyl, White (Green Liner Printing)",60.0,-,ファインポイントブレード,100.0,plain,0,900.0,25.0
Cricut Joy Xtra,Printable Materials,,Printable Waterproof Sticker Set - Transparent,230.0,2倍,ファインポイントブレード,100.0,plain,1,900.0,25.0
Cricut Joy Xtra,Printable Materials,,Printable Waterproof Sticker Set - Transparent Holographic,230.0,2倍,ファインポイントブレード,100.0,holographic,1,945.0,33.0
Cricut Joy Xtra,Printable Materials,,Printable Waterproof Sticker Set - White,200.0,2倍,ファインポイントブレード,100.0,plain,1,900.0,25.0
Cricut Joy Xtra,Printable Materials,,Printable Waterproof Sticker Set - White Holographic,200.0,2倍,ファインポイントブレード,100.0,holographic,1,945.0,33.0
Cricut Joy Xtra,Iron-On,,Puff Iron-On,100.0,-,ファインポイントブレード,100.0,plain,0,1050.0,45.0
Cricut Joy Xtra,Iron-On,リフレクティブアイロン接着タイプ,Reflective Iron-On,100.0,-,ファインポイントブレード,100.0,plain,0,1050.0,45.0
Cricut Joy Xtra,Others,,Rubber (1.0 mm),180.0,2倍,ディープポイントブレード,200.0,plain,0,1200.0,50.0
Cricut Joy Xtra,Smart Materials,,Smart Iron-On Glitter Matless Heat Transfer Vinyl,170.0,-,ファインポイントブレード,120.0,glitter,0,1456.0,81.0
Cricut Joy Xtra,Smart Materials,,Smart Iron-On Holographic Matless Heat Transfer Vinyl,180.0,-,ファインポイントブレード,120.0,holographic,0,1365.0,73.0
Cricut Joy Xtra,Smart Materials,,Smart Iron-On Matless Heat Transfer Vinyl,100.0,-,ファインポイントブレード,120.0,plain,0,1300.0,65.0
Cricut Joy Xtra,Smart Materials,,Smart Label Dissolvable Matless Writable Paper,100.0,-,ファインポイントブレード,120.0,plain,0,1300.0,65.0
Cricut Joy Xtra,Smart Materials,,Smart Label Matless Writable Vinyl,100.0,-,ファインポイントブレード,120.0,plain,0,1300.0,65.0
Cricut Joy Xtra,Smart Materials,,Smart Paper Matless Sticker Cardstock,180.0,-,ファインポイントブレード,120.0,plain,1,1300.0,65.0
Cricut Joy Xtra,Smart Materials,,Smart Stencil Matless Flexible Stencil Film,100.0,-,ファインポイントブレード,120.0,plain,0,1300.0,65.0
Cricut Joy Xtra,Smart Materials,,Smart Vinyl Matless Permanent Vinyl,120.0,-,ファインポイントブレード,120.0,plain,0,1300.0,65.0
Cricut Joy Xtra,Smart Materials,,Smart Vinyl Matless Removable Vinyl,120.0,-,ファインポイントブレード,120.0,plain,0,1300.0,65.0
Cricut Joy Xtra,Smart Materials,,Smart Vinyl Matte Metallic Matless Permanent Vinyl,110.0,-,ファインポイントブレード,120.0,metallic,0,1365.0,75.0
Cricut Joy Xtra,Smart Materials,,Smart Vinyl Shimmer Matless Permanent Vinyl,150.0,-,ファインポイントブレード,120.0,shimmer,0,1339.0,71.0
Cricut Joy Xtra,Iron-On,SportFlexアイロン接着タイプ,SportFlex Iron-On,100.0,-,ファインポイントブレード,100.0,plain,0,1050.0,45.0
Cricut Joy Xtra,Paper,,Sublimation Paper,100.0,-,ファインポイントブレード,80.0,plain,0,750.0,15.0
Cricut Joy Xtra,Plastic,透明性,Transparency,230.0,-,ファインポイントブレード,150.0,plain,0,1300.0,75.0
Cricut Joy Xtra,Iron-On,,UV Activated Color Changing Iron-On,120.0,-,ファインポイントブレード,100.0,plain,0,1050.0,45.0
Cricut Joy Xtra,Iron-On,,UV-Activated Color-Changing Printable Iron-On Kit,180.0,2倍,ファインポイントブレード,100.0,plain,0,1050.0,45.0
Cricut Joy Xtra,Cardstock,,Value Cardstock - 65 lb (176gsm),160.0,2倍,ファインポイントブレード,176.0,plain,0,800.0,30.0
Cricut Joy Xtra,Cardstock,,"Value Cardstock - 65 lb (Basic Cuts, Single Pass)",240.0,-,ファインポイントブレード,244.4,plain,0,800.0,30.0
Cricut Joy Xtra,Iron-On,,Value Glitter Iron-On,150.0,-,ファインポイントブレード,100.0,glitter,0,1176.0,63.0
Cricut Joy Xtra,Iron-On,,Value Iron-On,100.0,-,ファインポイントブレード,100.0,plain,0,1050.0,45.0
Cricut Joy Xtra,Vinyl,,Value Vinyl,100.0,-,ファインポイントブレード,120.0,plain,0,1300.0,65.0
Cricut Joy Xtra,Paper,ヴェラム,Vellum,130.0,-,ファインポイントブレード,80.0,plain,0,750.0,12.0
Cricut Joy Xtra,Others,,Washi Tape - 0.06 mm,50.0,-,ファインポイントブレード,200.0,plain,0,150.0,10.0
Cricut Joy Xtra,Cardstock,水彩カード,Watercolor Cards,200.0,2倍,ファインポイントブレード,216.0,plain,0,800.0,30.0
Cricut Joy Xtra,Paper,ワックス紙,Wax Paper,160.0,-,ファインポイントブレード,80.0,plain,0,750.0,15.0
Cricut Joy Xtra,Paper,ラッピングペーパー,Wrapping Paper,100.0,-,ファインポイントブレード,80.0,plain,0,750.0,15.0
Cricut Joy,Iron-On,Smart Iron-On -パターン付き,Smart Iron-On - Patterned,90.0,-,ファインポイントブレード,100.0,plain,0,1050.0,45.0
Cricut Joy,Iron-On,お得なアイロン接着タイプ,Value Iron-On,95.0,-,ファインポイントブレード,100.0,plain,0,1050.0,45.0
Cricut Joy,Iron-On,アイロン接着タイプ,Iron-On,95.0,-,ファインポイントブレード,100.0,plain,0,1050.0,45.0
Cricut Joy,Iron-On,ホイルアイロン接着,Foil Iron-On,100.0,-,ファインポイントブレード,100.0,foil,0,1050.0,55.0
Cricut Joy,Iron-On,パフアイロン接着,Puff Iron-On,110.0,-,ファインポイントブレード,100.0,plain,0,1050.0,45.0
Cricut Joy,Iron-On,UV活性化で色が変化するアイロン接着タイプ,UV Activated Color Changing Iron-On,113.0,-,ファインポイントブレード,100.0,plain,0,1050.0,45.0
Cricut Joy,Iron-On,Smart Iron-On,Smart Iron-On Matless Heat Transfer Vinyl,118.0,-,ファインポイントブレード,100.0,plain,0,1050.0,45.0
Cricut Joy,Iron-On,フロックアイロン接着,Flocked Iron-On,120.0,-,ファインポイントブレード,100.0,flock,0,1102.5,59.0
Cricut Joy,Iron-On,暗闇で光るアイロン接着タイプ,Glow in the Dark Iron-On,130.0,-,ファインポイントブレード,100.0,plain,0,1050.0,45.0
Cricut Joy,Iron-On,Smart Iron-On -ホログラフィック,Smart Iron-On Holographic Matless Heat Transfer Vinyl,135.0,-,ファインポイントブレード,100.0,holographic,0,1102.5,53.0
Cricut Joy,Iron-On,3Dアイロン接着,3D Iron-On,140.0,-,ファインポイントブレード,100.0,plain,0,1050.0,45.0
Cricut Joy,Iron-On,Smart Iron-On - グリッター,Smart Iron-On Glitter Matless Heat Transfer Vinyl,147.0,-,ファインポイントブレード,100.0,glitter,0,1176.0,61.0
Cricut Joy,Iron-On,お得なグリッターアイロン接着,Value Glitter Iron-On,200.0,-,ファインポイントブレード,100.0,glitter,0,1176.0,63.0
Cricut Joy,Iron-On,カラーポップアイロン接着,Color Pop Iron-On,230.0,-,ファインポイントブレード,100.0,plain,0,1050.0,45.0
Cricut Joy,Cardstock,インサートカード - カードストック,Insert Card - Cardstock,150.0,2倍,ファインポイントブレード,216.0,plain,0,800.0,30.0
Cricut Joy,Cardstock,ヘビーカードストック - 100ポンド（270gsm）,Heavy Cardstock - 100 lb (270 gsm),223.0,3倍,ファインポイントブレード,270.0,plain,0,800.0,30.0
Cricut Joy,Cardstock,ライトカードストック - 65ポンド（176gsm）,Light Cardstock - 65 lb (176 gsm),245.0,-,ファインポイントブレード,176.0,plain,0,800.0,30.0
Cricut Joy,Cardstock,デラックスペーパー、粘着バック,"Deluxe Paper, Adhesive Backed",253.0,-,ファインポイントブレード,216.0,plain,1,800.0,30.0
Cricut Joy,Cardstock,デラックスペーパー、エンボスホイル,Deluxe Paper Foil Embossed,257.0,-,ファインポイントブレード,216.0,foil,0,840.0,40.0
Cricut Joy,Cardstock,お得なカードストック - 65 lb（176 g）,Value Cardstock - 65 lb (176gsm),265.0,-,ファインポイントブレード,176.0,plain,0,800.0,30.0
Cricut Joy,Cardstock,ミディアムカードストック - 80ポンド（216gsm）,Medium Cardstock - 80 lb (216 gsm),275.0,-,ファインポイントブレード,216.0,plain,0,800.0,30.0
Cricut Joy,Cardstock,Smart Paper、ステッカーカードストック,Smart Paper Matless Sticker Cardstock,285.0,-,ファインポイントブレード,216.0,plain,1,800.0,30.0
Cricut Joy,Cardstock,カットアウェイカード,Cutaway Card + Backer,315.0,-,ファインポイントブレード,216.0,plain,0,800.0,30.0
Cricut Joy,Plastic,ウィンドウクリング,Window Cling,120.0,-,ファインポイントブレード,150.0,plain,0,1350.0,70.0
Cricut Joy,Vinyl,自由自在の原紙フイルム,Flexible Stencil Film,100.0,-,ファインポイントブレード,120.0,plain,0,1300.0,65.0
Cricut Joy,Vinyl,使いやすい原紙,Smart Stencil Matless Flexible Stencil Film,110.0,-,ファインポイントブレード,120.0,plain,0,1300.0,65.0
Cricut Joy,Vinyl,Smart Vinyl - ホログラフィックパターン,Smart Vinyl - Holographic Patterns,111.0,-,ファインポイントブレード,120.0,holographic,0,1365.0,73.0
Cricut Joy,Vinyl,Smart Vinyl - 取り外し可能,Smart Vinyl Matless Removable Vinyl,115.0,-,ファインポイントブレード,120.0,plain,0,1300.0,65.0
Cricut Joy,Vinyl,Premium Vinyl - ホログラフィックアールデコ,Premium Vinyl - Holographic Art Deco,121.0,-,ファインポイントブレード,120.0,holographic,0,1365.0,73.0
Cricut Joy,Vinyl,Premium Vinyl - ホログラフィッククリスタル,Premium Vinyl - Holographic Crystals,121.0,-,ファインポイントブレード,120.0,holographic,0,1365.0,73.0
Cricut Joy,Vinyl,Premium Vinyl - ホログラフィックバブル,Premium Vinyl - Holographic Bubbles,121.0,-,ファインポイントブレード,120.0,holographic,0,1365.0,73.0
Cricut Joy,Vinyl,Premium Vinyl -ホログラフィックスレッド,Premium Vinyl - Holographic Threads,121.0,-,ファインポイントブレード,120.0,holographic,0,1365.0,73.0
Cricut Joy,Vinyl,ホログラフィックスパークルビニール,Premium Vinyl - Holographic Sparkle,121.0,-,ファインポイントブレード,120.0,holographic,0,1365.0,73.0
Cricut Joy,Vinyl,Premium Vinyl - テクスチャード,Premium Vinyl - Textured,123.0,-,ファインポイントブレード,120.0,textured,0,1365.0,73.0
Cricut Joy,Vinyl,Premium Vinyl -ホログラフィック3Dテクスチャ,Premium Vinyl - Holographic 3D Texture,123.0,-,ファインポイントブレード,120.0,holographic,0,1365.0,73.0
Cricut Joy,Vinyl,Premium Vinyl - モザイク,Premium Vinyl - Mosaic,124.0,-,ファインポイントブレード,120.0,plain,0,1300.0,65.0
Cricut Joy,Vinyl,Premium Vinyl -トゥルーブラッシュ,Premium Vinyl - True Brushed,124.0,-,ファインポイントブレード,120.0,plain,0,1300.0,65.0
Cricut Joy,Vinyl,Smart Vinyl - 恒久,Smart Vinyl Matless Permanent Vinyl,125.0,-,ファインポイントブレード,120.0,plain,0,1300.0,65.0
Cricut Joy,Vinyl,Premium Vinyl -フロストグレー,Premium Vinyl - Frosted Gray,126.0,-,ファインポイントブレード,120.0,plain,0,1300.0,65.0
Cricut Joy,Vinyl,ドライイレースビニール,Dry Erase Vinyl,131.0,-,ファインポイントブレード,120.0,plain,0,1300.0,65.0
Cricut Joy,Vinyl,Premium Vinyl - テクスチャードメタリック,Premium Vinyl - Textured Metallic,132.0,-,ファインポイントブレード,120.0,metallic,0,1365.0,75.0
Cricut Joy,Vinyl,Smart Vinyl - シマー,Smart Vinyl Shimmer Matless Permanent Vinyl,135.0,-,ファインポイントブレード,120.0,shimmer,0,1339.0,71.0
Cricut Joy,Vinyl,お得なビニール,Value Vinyl,139.0,-,ファインポイントブレード,120.0,plain,0,1300.0,65.0
Cricut Joy,Vinyl,Premium Vinyl - シマー,Premium Vinyl - Shimmer,140.0,-,ファインポイントブレード,120.0,shimmer,0,1339.0,71.0
Cricut Joy,Vinyl,Smart Label書き込み可能ビニール,Smart Label Matless Writable Vinyl,150.0,-,ファインポイントブレード,120.0,plain,0,1300.0,65.0
Cricut Joy,Vinyl,Premium Vinyl - フロスト不透明,Premium Vinyl - Frosted Opaque,151.0,-,ファインポイントブレード,120.0,plain,0,1300.0,65.0
Cricut Joy,Vinyl,熱や冷感活性化で色が変化するビニール,Heat/Cold Activated Color Changing Vinyl,152.0,-,ファインポイントブレード,120.0,plain,0,1300.0,65.0
Cricut Joy,Vinyl,Smart Vinyl - マットメタリック,Smart Vinyl Matte Metallic Matless Permanent Vinyl,155.0,-,ファインポイントブレード,120.0,metallic,0,1365.0,75.0
Cricut Joy,Vinyl,Premium Vinyl - パール,Premium Vinyl - Pearl,158.0,-,ファインポイントブレード,120.0,shimmer,0,1326.0,70.0
Cricut Joy,Vinyl,Premium Vinyl - フロストグリッター,Premium Vinyl - Frosted Glitter,158.0,-,ファインポイントブレード,120.0,glitter,0,1456.0,81.0
Cricut Joy,Vinyl,暗闇で光るビニール,Glow in the Dark Vinyl,160.0,2倍,ファインポイントブレード,120.0,plain,0,1300.0,65.0
Cricut Joy,Plastic,アセテート,Acetate,280.0,2倍,ファインポイントブレード,150.0,plain,0,1300.0,75.0
Cricut Joy,Paper,スマート水溶性ラベル,Smart Label Dissolvable Matless Writable Paper,80.0,-,ファインポイントブレード,80.0,plain,0,750.0,15.0
Cricut Joy,Paper,Smart Label書き込み可能ペーパー,Smart Label Matless Writable Paper,107.0,-,ファインポイントブレード,80.0,plain,0,750.0,15.0
Cricut Joy,Paper,ホイルペーパー - 0.36mm,Foil Paper - 0.36 mm,318.0,-,ファインポイントブレード,80.0,foil,0,787.5,25.0
Cricut Joy,Fabric,合成スエード,Faux Suede,220.0,-,ファインポイントブレード,150.0,plain,0,280.0,10.0
Explore 3,Board/Cardboard,ホログラフィックのホイルクラフトボード,Foil Kraft Board  - Holographic,340.0,2倍,ファインポイントブレード,850.0,foil,0,945.0,75.0
Explore 3,Board/Cardboard,マットボード（1.5mm）,Matboard (1.5 mm),350.0,5倍,ディープポイントブレード,1275.0,plain,0,850.0,72.5
Explore 3,Board/Cardboard,ポスターボード,Poster Board,287.0,2倍,ファインポイントブレード,850.0,plain,0,850.0,65.0
Explore 3,Iron-On,3Dアイロン接着,3D Iron-On,190.0,-,ファインポイントブレード,100.0,plain,0,1050.0,45.0
Explore 3,Iron-On,カラーポップアイロン接着,Color Pop Iron-On,250.0,-,ファインポイントブレード,100.0,plain,0,1050.0,45.0
Explore 3,Iron-On,フロックアイロン接着,Flocked Iron-On,140.0,-,ファインポイントブレード,100.0,flock,0,1102.5,59.0
Explore 3,Iron-On,暗闇で光るアイロン接着タイプ,Glow in the Dark Iron-On,130.0,-,ファインポイントブレード,100.0,plain,0,1050.0,45.0
Explore 3,Iron-On,アイロン接着タイプ,Iron-On,113.0,-,ファインポイントブレード,100.0,plain,0,1050.0,45.0
Explore 3,Iron-On,アイロン接着パッチ,Iron-On Patches,180.0,3倍,ファインポイントブレード,100.0,plain,0,1050.0,45.0
Explore 3,Iron-On,印刷可能なアイロン接着、ダーク,"Printable Iron-On, Dark",100.0,-,ファインポイントブレード,100.0,plain,0,1050.0,45.0
Explore 3,Iron-On,印刷可能なアイロン接着タイプ、ライト,"Printable Iron-On, Light",70.0,-,ファインポイントブレード,100.0,plain,0,1050.0,45.0
Explore 3,Iron-On,昇華転写対応・印刷可能ビニールアイロン接着,"Printable Iron-On, Sublimation",100.0,-,ファインポイントブレード,100.0,plain,0,1050.0,45.0
Explore 3,Iron-On,パフアイロン接着,Puff Iron-On,130.0,-,ファインポイントブレード,100.0,plain,0,1050.0,45.0
Explore 3,Iron-On,Smart Iron-On - グリッター,Smart Iron-On Glitter Matless Heat Transfer Vinyl,163.0,-,ファインポイントブレード,100.0,glitter,0,1176.0,61.0
Explore 3,Iron-On,Smart Iron-On -ホログラフィック,Smart Iron-On Holographic Matless Heat Transfer Vinyl,156.0,-,ファインポイントブレード,100.0,holographic,0,1102.5,53.0
Explore 3,Iron-On,UV活性化で色が変化するアイロン接着タイプ,UV Activated Color Changing Iron-On,113.0,-,ファインポイントブレード,100.0,plain,0,1050.0,45.0
Explore 3,Iron-On,お得なグリッターアイロン接着,Value Glitter Iron-On,200.0,-,ファインポイントブレード,100.0,glitter,0,1176.0,63.0
Explore 3,Iron-On,お得なアイロン接着タイプ,Value Iron-On,113.0,-,ファインポイントブレード,100.0,plain,0,1050.0,45.0
Explore 3,Cardstock,カードストック、接着剤付き,"Cardstock, Adhesive-Backed",300.0,-,ファインポイントブレード,216.0,plain,1,800.0,30.0
Explore 3,Cardstock,カットアウェイカード + バッカー,Cutaway Card + Backer,180.0,2倍,ファインポイントブレード,216.0,plain,0,800.0,30.0
Explore 3,Cardstock,デラックスペーパー、エンボスホイル,Deluxe Paper Foil Embossed,300.0,-,ファインポイントブレード,216.0,foil,0,840.0,40.0
Explore 3,Cardstock,デラックスペーパー、粘着バック,"Deluxe Paper, Adhesive Backed",270.0,-,ファインポイントブレード,216.0,plain,1,800.0,30.0
Explore 3,Cardstock,ヘビーカードストック - 100ポンド（270gsm）,Heavy Cardstock - 100 lb (270 gsm),295.0,2倍,ファインポイントブレード,270.0,plain,0,800.0,30.0
Explore 3,Cardstock,カードを挿入-カードストック,Insert Card - Cardstock,275.0,-,ファインポイントブレード,216.0,plain,0,800.0,30.0
Explore 3,Cardstock,ライトカードストック - 65ポンド（176gsm）,Light Cardstock - 65 lb (176 gsm),214.0,-,ファインポイントブレード,176.0,plain,0,800.0,30.0
Explore 3,Cardstock,ミディアムカードストック - 80ポンド（216gsm）,Medium Cardstock - 80 lb (216 gsm),320.0,-,ファインポイントブレード,216.0,plain,0,800.0,30.0
Explore 3,Cardstock,カードストック（複雑なカット用）,"Medium Cardstock - 80 lb (Intricate Cuts, 2x Pass)",200.0,2倍,ファインポイントブレード,300.79999999999995,plain,0,800.0,30.0
Explore 3,Cardstock,Smart Paper、ステッカーカードストック,Smart Paper Matless Sticker Cardstock,300.0,-,ファインポイントブレード,216.0,plain,1,800.0,30.0
Explore 3,Cardstock,お得なカードストック - 65 lb（176 g）,Value Cardstock - 65 lb (176gsm),240.0,-,ファインポイントブレード,176.0,plain,0,800.0,30.0
Explore 3,Vinyl,暗闇で光るビニール,Glow in the Dark Vinyl,160.0,2倍,ファインポイントブレード,120.0,plain,0,1300.0,65.0
Explore 3,Vinyl,熱や冷感活性化で色が変化するビニール,Heat/Cold Activated Color Changing Vinyl,156.0,-,ファインポイントブレード,120.0,plain,0,1300.0,65.0
Explore 3,Vinyl,ホログラフィックビニール,Holographic Vinyl,110.0,-,ファインポイントブレード,120.0,holographic,0,1365.0,73.0
Explore 3,Vinyl,Premium Vinyl - フロストグリッター,Premium Vinyl - Frosted Glitter,148.0,-,ファインポイントブレード,120.0,glitter,0,1456.0,81.0
Explore 3,Vinyl,Premium Vinyl -フロストグレー,Premium Vinyl - Frosted Gray,131.0,-,ファインポイントブレード,120.0,plain,0,1300.0,65.0
Explore 3,Vinyl,Premium Vinyl - フロスト不透明,Premium Vinyl - Frosted Opaque,115.0,-,ファインポイントブレード,120.0,plain,0,1300.0,65.0
Explore 3,Vinyl,Premium Vinyl -ホログラフィック3Dテクスチャ,Premium Vinyl - Holographic 3D Texture,108.0,-,ファインポイントブレード,120.0,holographic,0,1365.0,73.0
Explore 3,Vinyl,Premium Vinyl - ホログラフィックアールデコ,Premium Vinyl - Holographic Art Deco,138.0,-,ファインポイントブレード,120.0,holographic,0,1365.0,73.0
Explore 3,Vinyl,Premium Vinyl - ホログラフィックバブル,Premium Vinyl - Holographic Bubbles,128.0,-,ファインポイントブレード,120.0,holographic,0,1365.0,73.0
Explore 3,Vinyl,Premium Vinyl - ホログラフィッククリスタル,Premium Vinyl - Holographic Crystals,160.0,-,ファインポイントブレード,120.0,holographic,0,1365.0,73.0
Explore 3,Vinyl,ホログラフィックローズバブルのプレミアムビニール,Premium Vinyl - Holographic Rose Bubble,115.0,-,ファインポイントブレード,120.0,holographic,0,1365.0,73.0
Explore 3,Vinyl,ホログラフィックスパークルビニール,Premium Vinyl - Holographic Sparkle,139.0,-,ファインポイントブレード,120.0,holographic,0,1365.0,73.0
Explore 3,Vinyl,Premium Vinyl -ホログラフィックスレッド,Premium Vinyl - Holographic Threads,138.0,-,ファインポイントブレード,120.0,holographic,0,1365.0,73.0
Explore 3,Vinyl,Premium Vinyl - モザイク,Premium Vinyl - Mosaic,136.0,-,ファインポイントブレード,120.0,plain,0,1300.0,65.0
Explore 3,Vinyl,Premium Vinyl - パール,Premium Vinyl - Pearl,146.0,-,ファインポイントブレード,120.0,shimmer,0,1326.0,70.0
Explore 3,Vinyl,Premium Vinyl - 恒久的光沢,Premium Vinyl - Permanent,115.0,-,ファインポイントブレード,120.0,plain,0,1300.0,65.0
Explore 3,Vinyl,Premium Vinyl - 取り外し可能なマット,Premium Vinyl - Removable,121.0,-,ファインポイントブレード,120.0,plain,0,1300.0,65.0
Explore 3,Vinyl,Premium Vinyl - シマー,Premium Vinyl - Shimmer,148.0,-,ファインポイントブレード,120.0,shimmer,0,1339.0,71.0
Explore 3,Vinyl,Premium Vinyl - テクスチャード,Premium Vinyl - Textured,166.0,-,ファインポイントブレード,120.0,textured,0,1365.0,73.0
Explore 3,Vinyl,Premium Vinyl - テクスチャードメタリック,Premium Vinyl - Textured Metallic,166.0,-,ファインポイントブレード,120.0,metallic,0,1365.0,75.0
Explore 3,Vinyl,Premium Vinyl -トゥルーブラッシュ,Premium Vinyl - True Brushed,140.0,-,ファインポイントブレード,120.0,plain,0,1300.0,65.0
Explore 3,Vinyl,印刷可能なビニール、特殊,"Printable Vinyl, Specialty (Gold/Silver)",160.0,-,ファインポイントブレード,120.0,plain,0,1300.0,65.0
Explore 3,Vinyl,印刷可能なビニール、透明,"Printable Vinyl, Transparent",110.0,-,ファインポイントブレード,120.0,plain,0,1300.0,65.0
Explore 3,Vinyl,印刷可能なビニール,"Printable Vinyl, White (Gray Liner Printing)",120.0,-,ファインポイントブレード,120.0,plain,0,1300.0,65.0
Explore 3,Vinyl,印刷可能なビニール、ホワイト（グリーンライナー印刷）,"Printable Vinyl, White (Green Liner Printing)",70.0,-,ファインポイントブレード,120.0,plain,0,1300.0,65.0
Explore 3,Vinyl,印刷可能な防水ステッカーセット - 透明,Printable Waterproof Sticker Set - Transparent,245.0,-,ファインポイントブレード,120.0,plain,1,1300.0,65.0
Explore 3,Vinyl,印刷可能な防水ステッカーセット - 透明ホログラフィック,Printable Waterproof Sticker Set - Transparent Holographic,250.0,-,ファインポイントブレード,120.0,holographic,1,1365.0,73.0
Explore 3,Vinyl,印刷可能な防水ステッカーセット - ホワイト,Printable Waterproof Sticker Set - White,220.0,-,ファインポイントブレード,120.0,plain,1,1300.0,65.0
Explore 3,Vinyl,印刷可能な防水ステッカーセット - ホワイトホログラフィック,Printable Waterproof Sticker Set - White Holographic,200.0,-,ファインポイントブレード,120.0,holographic,1,1365.0,73.0
Explore 3,Vinyl,Smart Label書き込み可能ビニール,Smart Label Matless Writable Vinyl,155.0,-,ファインポイントブレード,120.0,plain,0,1300.0,65.0
Explore 3,Vinyl,使いやすい原紙,Smart Stencil Matless Flexible Stencil Film,110.0,-,ファインポイントブレード,120.0,plain,0,1300.0,65.0
Explore 3,Vinyl,Smart Vinyl - 恒久,Smart Vinyl Matless Permanent Vinyl,123.0,-,ファインポイントブレード,120.0,plain,0,1300.0,65.0
Explore 3,Vinyl,Smart Vinyl - 取り外し可能,Smart Vinyl Matless Removable Vinyl,108.0,-,ファインポイントブレード,120.0,plain,0,1300.0,65.0
Explore 3,Vinyl,Smart Vinyl - マットメタリック,Smart Vinyl Matte Metallic Matless Permanent Vinyl,154.0,-,ファインポイントブレード,120.0,metallic,0,1365.0,75.0
Explore 3,Vinyl,Smart Vinyl - シマー,Smart Vinyl Shimmer Matless Permanent Vinyl,169.0,-,ファインポイントブレード,120.0,shimmer,0,1339.0,71.0
Explore 3,Vinyl,ステンシルフィルム,- 0.4mm Stencil Film - 0.4 mm,300.0,-,ファインポイントブレード,120.0,plain,0,1300.0,65.0
Explore 3,Vinyl,お得なビニール,Value Vinyl,115.0,-,ファインポイントブレード,120.0,plain,0,1300.0,65.0
Explore 3,Others,フェルト、接着剤付きウール,"Felt, Wool Bonded",331.0,2倍,ファインポイントブレード,200.0,plain,0,300.0,20.0
Explore 3,Others,フェルト、ウール布,"Felt, Wool Fabric",328.0,6倍,ファインポイントブレード,200.0,plain,0,300.0,20.0
Explore 3,Plastic,アセテート,Acetate,280.0,2倍,ファインポイントブレード,150.0,plain,0,1300.0,75.0
Explore 3,Paper,コピーペーパー - 20ポンド（75gsm）,Copy Paper,143.0,-,ファインポイントブレード,80.0,plain,0,750.0,15.0
Explore 3,Paper,コピーペーパー - 24ポンド（90gsm）,Copy Paper - 24 lb (90 gsm),143.0,-,ファインポイントブレード,90.0,plain,0,750.0,15.0
Explore 3,Paper,コピーペーパー - 32ポンド（120gsm）,Copy Paper - 32 lb (120 gsm),143.0,-,ファインポイントブレード,120.0,plain,0,750.0,15.0
Explore 3,Paper,フロックペーパー,Flocked Paper,225.0,3倍,ファインポイントブレード,80.0,flock,0,787.5,29.0
Explore 3,Paper,ホイルペーパー,- 0.36mm Foil Paper - 0.36 mm,300.0,-,ファインポイントブレード,80.0,foil,0,787.5,25.0
Explore 3,Paper,買い物バッグ,Grocery Bag,200.0,-,ファインポイントブレード,80.0,plain,0,750.0,15.0
Explore 3,Paper,140 Ib（300 g ）の厚い水彩紙,Heavy Watercolor Paper - 140 lbs (300 gsm),310.0,2倍,ファインポイントブレード,300.0,plain,0,750.0,15.0
Explore 3,Paper,ライトパターンペーパー,Light Patterned Paper,240.0,-,ファインポイントブレード,80.0,plain,0,750.0,15.0
Explore 3,Paper,フォトペーパー,Photo Paper - 48 lb,223.0,2倍,ファインポイントブレード,180.48,plain,0,750.0,15.0
Explore 3,Paper,印刷可能なステッカーペーパー（クリア）,"Printable Sticker Paper, Clear (No Liner Printing)",230.0,-,ファインポイントブレード,80.0,plain,1,750.0,15.0
Explore 3,Printable Materials,印刷可能なステッカー用紙、ホワイト（グリーンライナー印刷）,"Printable Sticker Paper, White",105.0,-,ファインポイントブレード,100.0,plain,1,900.0,25.0
Explore 3,Paper,印刷可能なステッカーペーパー（ホワイト）,"Printable Sticker Paper, White (Gray Liner Printing)",230.0,-,ファインポイントブレード,80.0,plain,1,750.0,15.0
Explore 3,Paper,印刷可能な一時的なタトゥーペーパー,Printable Temporary Tattoo Paper,350.0,2倍,ファインポイントブレード,80.0,plain,0,750.0,15.0
Explore 3,Paper,スマート水溶性ラベル,Smart Label Dissolvable Matless Writable Paper,80.0,-,ファインポイントブレード,80.0,plain,0,750.0,15.0
Explore 3,Paper,付箋,Sticky Note,175.0,-,ファインポイントブレード,80.0,plain,0,750.0,15.0
Explore 3,Paper,昇華転写紙,Sublimation Paper,130.0,-,ファインポイントブレード,80.0,plain,0,750.0,15.0
Explore 3,Cardstock,ウォーターカラーカード,Watercolor Cards,230.0,2倍,ファインポイントブレード,200.0,plain,0,800.0,30.0
Explore 3,Others,ダクトテープシート,Duct Tape Sheet,122.0,-,ファインポイントブレード,200.0,plain,0,150.0,40.0
Explore 3,Others,マグネットシート,- 0.5mm Magnetic Sheet - 0.5 mm,300.0,5倍,ディープポイントブレード,200.0,plain,0,3500.0,90.0
Explore 3,Others,マグネットシート,- 1.0mm Magnetic Sheet - 1.0 mm,350.0,8倍,ディープポイントブレード,200.0,plain,0,3500.0,90.0
Explore 3,Others,ペイントチップ,Paint Chip,310.0,-,ファインポイントブレード,200.0,plain,0,150.0,40.0
Explore 3,Others,印刷可能なマグネットシート,Printable Magnetic Sheet,330.0,-,ファインポイントブレード,200.0,plain,0,3500.0,90.0
Explore 3,Others,和紙シート,Washi Sheet,85.0,-,ファインポイントブレード,200.0,plain,0,150.0,10.0
Explore 3,Others,和紙テープ,- 0.06mm Washi Tape - 0.06 mm,70.0,-,ファインポイントブレード,200.0,plain,0,150.0,10.0
Explore 3,Plastic,ウィンドウクリング,Window Cling,100.0,-,ファインポイントブレード,150.0,plain,0,1350.0,70.0
Explore 3,Leather,シマーレザー,- 1mm Shimmer Leather - 1 mm,325.0,3倍,ファインポイントブレード,900.0,shimmer,0,927.0,61.0
Explore 3,Fabric,オイルクロス、接着剤付き,"Oil Cloth, Bonded",285.0,-,ファインポイントブレード,150.0,plain,0,280.0,10.0
Explore 3,Others,ナチュラルウッドベニヤ,naturalwood,320.0,3倍,ディープポイントブレード,200.0,plain,0,150.0,40.0
Maker 3,Board/Cardboard,チップボード（1.5mm）,Chipboard (1.5 mm),500.0,12倍,ナイフの刃,1275.0,plain,0,850.0,72.5
Maker 3,Board/Cardboard,ホログラフィックのホイルクラフトボード,Foil Kraft Board  - Holographic,340.0,2倍,ファインポイントブレード,850.0,foil,0,945.0,75.0
Maker 3,Board/Cardboard,マットボード（1.5mm）,Matboard (1.5 mm),350.0,6倍,ディープポイントブレード,1275.0,plain,0,850.0,72.5
Maker 3,Iron-On,3Dアイロン接着,3D Iron-On,190.0,-,ファインポイントブレード,100.0,plain,0,1050.0,45.0
Maker 3,Iron-On,カラーポップアイロン接着,Color Pop Iron-On,250.0,-,ファインポイントブレード,100.0,plain,0,1050.0,45.0
Maker 3,Iron-On,フロックアイロン接着,Flocked Iron-On,140.0,-,ファインポイントブレード,100.0,flock,0,1102.5,59.0
Maker 3,Iron-On,暗闇で光るアイロン接着タイプ,Glow in the Dark Iron-On,130.0,-,ファインポイントブレード,100.0,plain,0,1050.0,45.0
Maker 3,Iron-On,ホログラフィック熱転写,Holographic Heat Transfer,153.0,-,ファインポイントブレード,100.0,holographic,0,1102.5,53.0
Maker 3,Iron-On,アイロン接着タイプ,Iron-On,113.0,-,ファインポイントブレード,100.0,plain,0,1050.0,45.0
Maker 3,Iron-On,メタリックパフアイロン接着,Metallic Puff Iron-On,175.0,-,ファインポイントブレード,100.0,metallic,0,1102.5,55.0
Maker 3,Iron-On,昇華転写対応・印刷可能ビニールアイロン接着,"Printable Iron-On, Sublimation",100.0,-,ファインポイントブレード,100.0,plain,0,1050.0,45.0
Maker 3,Iron-On,パフアイロン接着,Puff Iron-On,130.0,-,ファインポイントブレード,100.0,plain,0,1050.0,45.0
Maker 3,Iron-On,反射アイロン接着タイプ,Reflective Iron-On,113.0,-,ファインポイントブレード,100.0,plain,0,1050.0,45.0
Maker 3,Iron-On,Smart Iron-On - グリッター,Smart Iron-On Glitter Matless Heat Transfer Vinyl,163.0,-,ファインポイントブレード,100.0,glitter,0,1176.0,61.0
Maker 3,Iron-On,Smart Iron-On -ホログラフィック,Smart Iron-On Holographic Matless Heat Transfer Vinyl,156.0,-,ファインポイントブレード,100.0,holographic,0,1102.5,53.0
Maker 3,Iron-On,UV活性化で色が変化するアイロン接着タイプ,UV Activated Color Changing Iron-On,113.0,-,ファインポイントブレード,100.0,plain,0,1050.0,45.0
Maker 3,Iron-On,お得なグリッターアイロン接着,Value Glitter Iron-On,200.0,-,ファインポイントブレード,100.0,glitter,0,1176.0,63.0
Maker 3,Iron-On,お得なアイロン接着タイプ,Value Iron-On,113.0,-,ファインポイントブレード,100.0,plain,0,1050.0,45.0
Maker 3,Cardstock,カードストック、接着剤付き,"Cardstock, Adhesive-Backed",300.0,-,ファインポイントブレード,216.0,plain,1,800.0,30.0
Maker 3,Cardstock,カットアウェイカード + バッカー,Cutaway Card + Backer,200.0,2倍,ファインポイントブレード,216.0,plain,0,800.0,30.0
Maker 3,Cardstock,デラックスペーパー、エンボスホイル,Deluxe Paper Foil Embossed,300.0,-,ファインポイントブレード,216.0,foil,0,840.0,40.0
Maker 3,Cardstock,デラックスペーパー、粘着バック,"Deluxe Paper, Adhesive Backed",270.0,-,ファインポイントブレード,216.0,plain,1,800.0,30.0
Maker 3,Cardstock,ヘビーカードストック - 100ポンド（270gsm）,Heavy Cardstock - 100 lb (270 gsm),310.0,2倍,ファインポイントブレード,270.0,plain,0,800.0,30.0
Maker 3,Cardstock,カードを挿入-カードストック,Insert Card - Cardstock,265.0,-,ファインポイントブレード,216.0,plain,0,800.0,30.0
Maker 3,Cardstock,ライトカードストック - 65ポンド（176gsm）,Light Cardstock - 65 lb (176 gsm),214.0,-,ファインポイントブレード,176.0,plain,0,800.0,30.0
Maker 3,Cardstock,ミディアムカードストック - 80ポンド（216gsm）,Medium Cardstock - 80 lb (216 gsm),320.0,-,ファインポイントブレード,216.0,plain,0,800.0,30.0
Maker 3,Cardstock,カードストック（複雑なカット用）,"Medium Cardstock - 80 lb (Intricate Cuts, 2x Pass)",200.0,2倍,ファインポイントブレード,300.79999999999995,plain,0,800.0,30.0
Maker 3,Cardstock,Smart Paper、ステッカーカードストック,Smart Paper Matless Sticker Cardstock,300.0,-,ファインポイントブレード,216.0,plain,1,800.0,30.0
Maker 3,Cardstock,お得なカードストック - 65 lb（176 g）,Value Cardstock - 65 lb (176gsm),240.0,-,ファインポイントブレード,176.0,plain,0,800.0,30.0
Maker 3,Vinyl,ドライイレースビニール,Dry Erase Vinyl,119.0,-,ファインポイントブレード,120.0,plain,0,1300.0,65.0
Maker 3,Vinyl,自由自在の原紙フイルム,Flexible Stencil Film,110.0,-,ファインポイントブレード,120.0,plain,0,1300.0,65.0
Maker 3,Vinyl,暗闇で光るビニール,Glow in the Dark Vinyl,165.0,2倍,ファインポイントブレード,120.0,plain,0,1300.0,65.0
Maker 3,Vinyl,熱や冷感活性化で色が変化するビニール,Heat/Cold Activated Color Changing Vinyl,156.0,-,ファインポイントブレード,120.0,plain,0,1300.0,65.0
Maker 3,Vinyl,ホログラフィックビニール,Holographic Vinyl,110.0,-,ファインポイントブレード,120.0,holographic,0,1365.0,73.0
Maker 3,Vinyl,Premium Vinyl - フロストグリッター,Premium Vinyl - Frosted Glitter,148.0,-,ファインポイントブレード,120.0,glitter,0,1456.0,81.0
Maker 3,Vinyl,Premium Vinyl -フロストグレー,Premium Vinyl - Frosted Gray,131.0,-,ファインポイントブレード,120.0,plain,0,1300.0,65.0
Maker 3,Vinyl,Premium Vinyl - フロスト不透明,Premium Vinyl - Frosted Opaque,115.0,-,ファインポイントブレード,120.0,plain,0,1300.0,65.0
Maker 3,Vinyl,Premium Vinyl -ホログラフィック3Dテクスチャ,Premium Vinyl - Holographic 3D Texture,108.0,-,ファインポイントブレード,120.0,holographic,0,1365.0,73.0
Maker 3,Vinyl,Premium Vinyl - ホログラフィックアールデコ,Premium Vinyl - Holographic Art Deco,138.0,-,ファインポイントブレード,120.0,holographic,0,1365.0,73.0
Maker 3,Vinyl,Premium Vinyl - ホログラフィックバブル,Premium Vinyl - Holographic Bubbles,128.0,-,ファインポイントブレード,120.0,holographic,0,1365.0,73.0
Maker 3,Vinyl,Premium Vinyl - ホログラフィッククリスタル,Premium Vinyl - Holographic Crystals,160.0,-,ファインポイントブレード,120.0,holographic,0,1365.0,73.0
Maker 3,Vinyl,ホログラフィックローズバブルのプレミアムビニール,Premium Vinyl - Holographic Rose Bubble,115.0,-,ファインポイントブレード,120.0,holographic,0,1365.0,73.0
Maker 3,Vinyl,ホログラフィックスパークルビニール,Premium Vinyl - Holographic Sparkle,139.0,-,ファインポイントブレード,120.0,holographic,0,1365.0,73.0
Maker 3,Vinyl,Premium Vinyl -ホログラフィックスレッド,Premium Vinyl - Holographic Threads,138.0,-,ファインポイントブレード,120.0,holographic,0,1365.0,73.0
Maker 3,Vinyl,Premium Vinyl - モザイク,Premium Vinyl - Mosaic,146.0,-,ファインポイントブレード,120.0,plain,0,1300.0,65.0
Maker 3,Vinyl,Premium Vinyl - パール,Premium Vinyl - Pearl,156.0,-,ファインポイントブレード,120.0,shimmer,0,1326.0,70.0
Maker 3,Vinyl,Premium Vinyl - 恒久的光沢,Premium Vinyl - Permanent,120.0,-,ファインポイントブレード,120.0,plain,0,1300.0,65.0
Maker 3,Vinyl,Premium Vinyl - 取り外し可能なマット,Premium Vinyl - Removable,121.0,-,ファインポイントブレード,120.0,plain,0,1300.0,65.0
Maker 3,Vinyl,Premium Vinyl - シマー,Premium Vinyl - Shimmer,148.0,-,ファインポイントブレード,120.0,shimmer,0,1339.0,71.0
Maker 3,Vinyl,Premium Vinyl - テクスチャード,Premium Vinyl - Textured,166.0,-,ファインポイントブレード,120.0,textured,0,1365.0,73.0
Maker 3,Vinyl,Premium Vinyl - テクスチャードメタリック,Premium Vinyl - Textured Metallic,166.0,-,ファインポイントブレード,120.0,metallic,0,1365.0,75.0
Maker 3,Vinyl,Premium Vinyl -トゥルーブラッシュ,Premium Vinyl - True Brushed,140.0,-,ファインポイントブレード,120.0,plain,0,1300.0,65.0
Maker 3,Vinyl,印刷可能なビニール、特殊,"Printable Vinyl, Specialty (Gold/Silver)",145.0,-,ファインポイントブレード,120.0,plain,0,1300.0,65.0
Maker 3,Vinyl,印刷可能なビニール、透明,"Printable Vinyl, Transparent",115.0,-,ファインポイントブレード,120.0,plain,0,1300.0,65.0
Maker 3,Vinyl,印刷可能なビニール,"Printable Vinyl, White (Gray Liner Printing)",125.0,-,ファインポイントブレード,120.0,plain,0,1300.0,65.0
Maker 3,Vinyl,印刷可能なビニール、ホワイト（グリーンライナー印刷）,"Printable Vinyl, White (Green Liner Printing)",90.0,-,ファインポイントブレード,120.0,plain,0,1300.0,65.0
Maker 3,Vinyl,印刷可能な防水ステッカーセット - 透明,Printable Waterproof Sticker Set - Transparent,275.0,-,ファインポイントブレード,120.0,plain,1,1300.0,65.0
Maker 3,Vinyl,印刷可能な防水ステッカーセット - 透明ホログラフィック,Printable Waterproof Sticker Set - Transparent Holographic,300.0,-,ファインポイントブレード,120.0,holographic,1,1365.0,73.0
Maker 3,Vinyl,印刷可能な防水ステッカーセット - ホワイト,Printable Waterproof Sticker Set - White,235.0,-,ファインポイントブレード,120.0,plain,1,1300.0,65.0
Maker 3,Vinyl,印刷可能な防水ステッカーセット - ホワイトホログラフィック,Printable Waterproof Sticker Set - White Holographic,235.0,-,ファインポイントブレード,120.0,holographic,1,1365.0,73.0
Maker 3,Vinyl,サンドブラストステンシル,Sandblast Stencil,190.0,2倍,ディープポイントブレード,120.0,plain,0,1300.0,65.0
Maker 3,Vinyl,Smart Label書き込み可能ビニール,Smart Label Matless Writable Vinyl,140.0,-,ファインポイントブレード,120.0,plain,0,1300.0,65.0
Maker 3,Vinyl,使いやすい原紙,Smart Stencil Matless Flexible Stencil Film,110.0,-,ファインポイントブレード,120.0,plain,0,1300.0,65.0
Maker 3,Vinyl,Smart Vinyl - 恒久,Smart Vinyl Matless Permanent Vinyl,120.0,-,ファインポイントブレード,120.0,plain,0,1300.0,65.0
Maker 3,Vinyl,Smart Vinyl - 取り外し可能,Smart Vinyl Matless Removable Vinyl,106.0,-,ファインポイントブレード,120.0,plain,0,1300.0,65.0
Maker 3,Vinyl,Smart Vinyl - マットメタリック,Smart Vinyl Matte Metallic Matless Permanent Vinyl,134.0,-,ファインポイントブレード,120.0,metallic,0,1365.0,75.0
Maker 3,Vinyl,Smart Vinyl - シマー,Smart Vinyl Shimmer Matless Permanent Vinyl,154.0,-,ファインポイントブレード,120.0,shimmer,0,1339.0,71.0
Maker 3,Vinyl,ステンシルフィルム,- 0.4mmStencil Film - 0.4 mm,300.0,-,ファインポイントブレード,120.0,plain,0,1300.0,65.0
Maker 3,Vinyl,お得なビニール,Value Vinyl,120.0,-,ファインポイントブレード,120.0,plain,0,1300.0,65.0
Maker 3,Others,フェルト、クラフト接着剤付き,"Felt, Craft Bonded",350.0,2倍,ファインポイントブレード,200.0,plain,0,300.0,20.0
Maker 3,Others,フェルト、グリッター接着剤付き,"Felt, Glitter Bonded",350.0,2倍,ファインポイントブレード,200.0,glitter,0,336.0,36.0
Maker 3,Others,フェルト、接着剤付きウール,"Felt, Wool Bonded",350.0,2倍,ファインポイントブレード,200.0,plain,0,300.0,20.0
Maker 3,Vinyl,16ゲージの粘着なしビニール,Non-Adhesive Vinyl - 16 gauge,270.0,-,ファインポイントブレード,120.0,plain,1,1300.0,65.0
Maker 3,Vinyl,20ゲージの粘着なしビニール,Non-Adhesive Vinyl - 20 Gauge,300.0,2倍,ファインポイントブレード,120.0,plain,1,1300.0,65.0
Maker 3,Vinyl,屋外用ビニール、接着剤付き,"Outdoor Vinyl, Bonded",275.0,2倍,ファインポイントブレード,120.0,plain,0,1300.0,65.0
Maker 3,Others,光沢のある側が下のホイルテープ,Foil Tape - Shiny Side Down,175.0,-,ファインポイントブレード,200.0,foil,0,157.5,50.0
Maker 3,Others,箔押しテープ（光沢のある面が上）,Foil Tape - Shiny Side Up,175.0,-,ファインポイントブレード,200.0,foil,0,157.5,50.0
Maker 3,Paper,コピーペーパー - 20ポンド（75gsm）,Copy Paper,126.0,-,ファインポイントブレード,80.0,plain,0,750.0,15.0
Maker 3,Paper,コピーペーパー - 24ポンド（90gsm）,Copy Paper - 24 lb (90 gsm),126.0,-,ファインポイントブレード,90.0,plain,0,750.0,15.0
Maker 3,Paper,コピーペーパー - 32ポンド（120gsm）,Copy Paper - 32 lb (120 gsm),126.0,-,ファインポイントブレード,120.0,plain,0,750.0,15.0
Maker 3,Paper,フロックペーパー,Flocked Paper,299.0,3倍,ファインポイントブレード,80.0,flock,0,787.5,29.0
Maker 3,Paper,ホイルペーパー,- 0.36mmFoil Paper - 0.36 mm,274.0,2倍,ファインポイントブレード,80.0,foil,0,787.5,25.0
Maker 3,Paper,買い物バッグ,Grocery Bag,200.0,-,ファインポイントブレード,80.0,plain,0,750.0,15.0
Maker 3,Paper,140 Ib（300 g ）の厚い水彩紙,Heavy Watercolor Paper - 140 lbs (300 gsm),345.0,-,ファインポイントブレード,300.0,plain,0,750.0,15.0
Maker 3,Paper,ライトパターンペーパー,Light Patterned Paper,152.0,-,ファインポイントブレード,80.0,plain,0,750.0,15.0
Maker 3,Paper,ペーパー、接着剤付き,"Paper, Adhesive-Backed",240.0,-,ファインポイントブレード,80.0,plain,1,750.0,15.0
Maker 3,Paper,フォトペーパー,Photo Paper - 48 lb,345.0,-,ファインポイントブレード,180.48,plain,0,750.0,15.0
Maker 3,Paper,印刷可能なステッカーペーパー（クリア）,"Printable Sticker Paper, Clear (No Liner Printing)",230.0,-,ファインポイントブレード,80.0,plain,1,750.0,15.0
Maker 3,Printable Materials,印刷可能なステッカー用紙、ホワイト（グリーンライナー印刷）,"Printable Sticker Paper, White",195.0,-,ファインポイントブレード,100.0,plain,1,900.0,25.0
Maker 3,Paper,印刷可能なステッカーペーパー（ホワイト）,"Printable Sticker Paper, White (Gray Liner Printing)",265.0,-,ファインポイントブレード,80.0,plain,1,750.0,15.0
Maker 3,Paper,印刷可能な一時的なタトゥーペーパー,Printable Temporary Tattoo Paper,350.0,2倍,ファインポイントブレード,80.0,plain,0,750.0,15.0
Maker 3,Paper,スマート水溶性ラベル,Smart Label Dissolvable Matless Writable Paper,80.0,-,ファインポイントブレード,80.0,plain,0,750.0,15.0
Maker 3,Paper,ステッカーペーパー、取り外し可能,"Sticker Paper, Removable",106.0,-,ファインポイントブレード,80.0,plain,1,750.0,15.0
Maker 3,Paper,付箋,Sticky Note,193.0,-,ファインポイントブレード,80.0,plain,0,750.0,15.0
Maker 3,Paper,昇華転写紙,Sublimation Paper,130.0,-,ファインポイントブレード,80.0,plain,0,750.0,15.0
Maker 3,Cardstock,ウォーターカラーカード,Watercolor Cards,230.0,2倍,ファインポイントブレード,200.0,plain,0,800.0,30.0
Maker 3,Others,粘着シート、両面,"Adhesive Sheet, Double-Sided",325.0,2倍,ファインポイントブレード,200.0,plain,1,150.0,40.0
Maker 3,Others,ダクトテープシート,Duct Tape Sheet,122.0,-,ファインポイントブレード,200.0,plain,0,150.0,40.0
Maker 3,Others,マグネットシート,- 0.5mmMagnetic Sheet - 0.5 mm,320.0,4倍,ディープポイントブレード,200.0,plain,0,3500.0,90.0
Maker 3,Others,マグネットシート,- 1.0mmMagnetic Sheet - 1.0 mm,350.0,7倍,ディープポイントブレード,200.0,plain,0,3500.0,90.0
Maker 3,Others,ペイントチップ,Paint Chip,310.0,-,ファインポイントブレード,200.0,plain,0,150.0,40.0
Maker 3,Others,印刷可能なマグネットシート,Printable Magnetic Sheet,330.0,-,ファインポイントブレード,200.0,plain,0,3500.0,90.0
Maker 3,Others,和紙シート,Washi Sheet,85.0,-,ファインポイントブレード,200.0,plain,0,150.0,10.0
Maker 3,Others,和紙テープ,- 0.06mmWashi Tape - 0.06 mm,70.0,-,ファインポイントブレード,200.0,plain,0,150.0,10.0
Maker 3,Plastic,ウィンドウクリング,Window Cling,100.0,-,ファインポイントブレード,150.0,plain,0,1350.0,70.0
Maker 3,Leather,４から５ozの中間の厚さのガーメントレザ－。,(1.6 mm)Medium Garment Leather - 4-5 oz. (1.6 mm),200.0,6倍,ディープポイントブレード,1440.0,plain,0,900.0,61.0
Maker 3,Leather,シマーレザー,- 1mmShimmer Leather - 1 mm,325.0,3倍,ファインポイントブレード,900.0,shimmer,0,927.0,61.0
Maker 3,Leather,２から３ozの薄手のガーメントレザー。(0.8から,1.3 mm)Thin Garment Leather - 2-3 oz. (0.8-1.3 mm),180.0,3倍,ディープポイントブレード,1170.0,plain,0,900.0,58.0
Maker 3,Leather,ツーリングレザー - 2～3オンス（0.8mm）,Tooling Leather - 2-3 oz. (0.8 mm),287.0,3倍,ディープポイントブレード,720.0,plain,0,900.0,53.0
Maker 3,Leather,ツーリングレザー - 4〜5オンス（1.6mm）,Tooling Leather - 4-5 oz. (1.6 mm),345.0,7倍,ディープポイントブレード,1440.0,plain,0,900.0,61.0
Maker 3,Leather,ツーリングレザー - 6〜7オンス（2.4mm）,Tooling Leather - 6-7 oz. (2.4 mm),450.0,16倍,ナイフの刃,2160.0,plain,0,900.0,69.0
Maker 3,Fabric,ベンガリン,Bengaline,1745.0,-,ロータリーブレード,150.0,plain,0,280.0,10.0
Maker 3,Fabric,バーンアウトベルベット,Burn-Out Velvet,1410.0,-,ロータリーブレード,150.0,plain,0,280.0,10.0
Maker 3,Fabric,チャリス,Challis,1200.0,-,ロータリーブレード,150.0,plain,0,280.0,10.0
Maker 3,Fabric,クレープシャルムーズ,Crepe Charmeuse,2200.0,-,ロータリーブレード,150.0,plain,0,280.0,10.0
Maker 3,Fabric,クレープデシン,Crepe de Chine,2100.0,-,ロータリーブレード,150.0,plain,0,280.0,10.0
Maker 3,Fabric,クレープバックサテン,Crepe-back Satin,2000.0,-,ロータリーブレード,150.0,matte,0,277.2,12.0
Maker 3,Fabric,デリケートファブリック（チュールなど）,Delicate Fabrics (like Tulle),750.0,-,ロータリーブレード,150.0,plain,0,280.0,10.0
Maker 3,Fabric,デリケートファブリック（チュール）、接着剤付き,"Delicate Fabrics (like Tulle), Bonded",125.0,-,ファインポイントブレード,150.0,plain,0,280.0,10.0
Maker 3,Fabric,デニム、接着剤付き,"Denim, Bonded",340.0,3倍,ファインポイントブレード,150.0,plain,0,280.0,10.0
Maker 3,Fabric,スイスドット,Dotted Swiss,1339.0,-,ロータリーブレード,150.0,plain,0,280.0,10.0
Maker 3,Fabric,エクストラヘビーファブリック（バーラップなど）,Extra Heavy Fabrics (like Burlap),3163.0,-,ロータリーブレード,150.0,plain,0,280.0,10.0
Maker 3,Fabric,フレックスフォーム,Flex Foam,2000.0,-,ロータリーブレード,150.0,plain,0,100.0,42.0
Maker 3,Fabric,グロイスポイント,Grois Point,3550.0,-,ロータリーブレード,150.0,plain,0,280.0,10.0
Maker 3,Fabric,羽二重,Habutai,1650.0,-,ロータリーブレード,150.0,plain,0,280.0,10.0
Maker 3,Fabric,ヘビーファブリック（デニムなど）,Heavy Fabrics (like Denim),2550.0,-,ロータリーブレード,150.0,plain,0,280.0,10.0
Maker 3,Fabric,ヘビーファブリック（デニムなど）、接着剤付き,"Heavy Fabrics (like Denim), Bonded",340.0,3倍,ファインポイントブレード,150.0,plain,0,280.0,10.0
Maker 3,Fabric,ラメ,Lame,981.0,-,ロータリーブレード,150.0,plain,0,280.0,10.0
Maker 3,Fabric,ライトファブリック（シルクなど）,Light Fabrics (like Silk),1850.0,-,ロータリーブレード,150.0,plain,0,280.0,10.0
Maker 3,Fabric,ライトファブリック（シルクなど）、接着剤付き,"Light Fabrics (like Silk), Bonded",175.0,-,ファインポイントブレード,150.0,plain,0,280.0,10.0
Maker 3,Fabric,マトラッセ,Matelasse,3400.0,-,ロータリーブレード,150.0,plain,0,280.0,10.0
Maker 3,Fabric,ミディアムファブリック（コットンなど）,Medium Fabrics (like Cotton),1900.0,-,ロータリーブレード,150.0,plain,0,280.0,10.0
Maker 3,Fabric,ミディアムファブリック（コットンなど）、接着剤付き,"Medium Fabrics (like Cotton), Bonded",286.0,-,ファインポイントブレード,150.0,plain,0,280.0,10.0
Maker 3,Fabric,モアレ,Moiree,600.0,-,ロータリーブレード,150.0,plain,0,280.0,10.0
Maker 3,Fabric,モールスキン,Moleskin,2800.0,-,ロータリーブレード,150.0,plain,0,280.0,10.0
Maker 3,Fabric,オイルクロス、接着剤付き,"Oil Cloth, Bonded",285.0,-,ファインポイントブレード,150.0,plain,0,280.0,10.0
Maker 3,Fabric,プリッセ,Plisse,1500.0,-,ロータリーブレード,150.0,plain,0,280.0,10.0
Maker 3,Fabric,ラミー,Ramie,1700.0,-,ロータリーブレード,150.0,plain,0,280.0,10.0
Maker 3,Fabric,レーヨンリヨセル,Rayon Lyocell,1415.0,-,ロータリーブレード,150.0,plain,0,280.0,10.0
Maker 3,Fabric,リップストップナイロン,Rip-Stop Nylon,1549.0,-,ロータリーブレード,150.0,plain,0,280.0,10.0
Maker 3,Fabric,セイルクロス,Sailcloth,2610.0,-,ロータリーブレード,150.0,plain,0,280.0,10.0
Maker 3,Fabric,スパンコール,Sequined,2550.0,-,ロータリーブレード,150.0,plain,0,280.0,10.0
Maker 3,Fabric,シャンタン,Shantung,1600.0,-,ロータリーブレード,150.0,plain,0,280.0,10.0
Maker 3,Fabric,シャンタンサンタン,Shantung Santeen,1743.0,-,ロータリーブレード,150.0,plain,0,280.0,10.0
Maker 3,Fabric,タフタ,Tafetta,1405.0,-,ロータリーブレード,150.0,plain,0,280.0,10.0
Maker 3,Fabric,ボイル,Voile,1450.0,-,ロータリーブレード,150.0,plain,0,280.0,10.0
Maker 3,Fabric,ジベリン,Ziberline,1900.0,-,ロータリーブレード,150.0,plain,0,280.0,10.0
Maker 3,Others,バルサ - 1／16インチ（1.6mm）,"Balsa - 1/16"" (1.6 mm)",200.0,4倍,ナイフの刃,200.0,plain,0,150.0,60.0
Maker 3,Others,バルサ - 3／32インチ（2.4mm）,"Balsa - 3/32"" (2.4 mm)",300.0,7倍,ナイフの刃,200.0,plain,0,150.0,60.0
Maker 3,Others,バスウッド - 1／16インチ（1.6mm）,"Basswood - 1/16"" (1.6 mm)",750.0,14倍,ナイフの刃,200.0,plain,0,400.0,97.0
Maker 3,Others,バスウッド - 1／32インチ（0.8mm）,"Basswood - 1/32"" (0.8 mm)",381.0,18倍,ナイフの刃,200.0,plain,0,400.0,97.0
